[2024-10-23 08:46:29] production.ERROR: Class "Laravel\Sanctum\Sanctum" not found {"exception":"[object] (Error(code: 0): Class \"Laravel\\Sanctum\\Sanctum\" not found at C:\\xampp\\htdocs\\backend-2024\\backend-app\\config\\sanctum.php:21)
[stacktrace]
#0 C:\\xampp\\htdocs\\backend-2024\\backend-app\\vendor\\laravel\\framework\\src\\Illuminate\\Foundation\\Bootstrap\\LoadConfiguration.php(96): require()
#1 C:\\xampp\\htdocs\\backend-2024\\backend-app\\vendor\\laravel\\framework\\src\\Illuminate\\Foundation\\Bootstrap\\LoadConfiguration.php(96): Illuminate\\Foundation\\Bootstrap\\LoadConfiguration->Illuminate\\Foundation\\Bootstrap\\{closure}()
#2 C:\\xampp\\htdocs\\backend-2024\\backend-app\\vendor\\laravel\\framework\\src\\Illuminate\\Foundation\\Bootstrap\\LoadConfiguration.php(77): Illuminate\\Foundation\\Bootstrap\\LoadConfiguration->loadConfigurationFile(Object(Illuminate\\Config\\Repository), 'sanctum', 'C:\\\\xampp\\\\htdocs...', Array)
#3 C:\\xampp\\htdocs\\backend-2024\\backend-app\\vendor\\laravel\\framework\\src\\Illuminate\\Foundation\\Bootstrap\\LoadConfiguration.php(38): Illuminate\\Foundation\\Bootstrap\\LoadConfiguration->loadConfigurationFiles(Object(Illuminate\\Foundation\\Application), Object(Illuminate\\Config\\Repository))
#4 C:\\xampp\\htdocs\\backend-2024\\backend-app\\vendor\\laravel\\framework\\src\\Illuminate\\Foundation\\Application.php(316): Illuminate\\Foundation\\Bootstrap\\LoadConfiguration->bootstrap(Object(Illuminate\\Foundation\\Application))
#5 C:\\xampp\\htdocs\\backend-2024\\backend-app\\vendor\\laravel\\framework\\src\\Illuminate\\Foundation\\Console\\Kernel.php(473): Illuminate\\Foundation\\Application->bootstrapWith(Array)
#6 C:\\xampp\\htdocs\\backend-2024\\backend-app\\vendor\\laravel\\framework\\src\\Illuminate\\Foundation\\Console\\Kernel.php(195): Illuminate\\Foundation\\Console\\Kernel->bootstrap()
#7 C:\\xampp\\htdocs\\backend-2024\\backend-app\\vendor\\laravel\\framework\\src\\Illuminate\\Foundation\\Application.php(1203): Illuminate\\Foundation\\Console\\Kernel->handle(Object(Symfony\\Component\\Console\\Input\\ArgvInput), Object(Symfony\\Component\\Console\\Output\\ConsoleOutput))
#8 C:\\xampp\\htdocs\\backend-2024\\backend-app\\artisan(13): Illuminate\\Foundation\\Application->handleCommand(Object(Symfony\\Component\\Console\\Input\\ArgvInput))
#9 {main}
"} 
[2024-10-23 07:07:15] production.ERROR: No application encryption key has been specified. {"exception":"[object] (Illuminate\\Encryption\\MissingAppKeyException(code: 0): No application encryption key has been specified. at C:\\xampp\\htdocs\\backend-2024\\backend-app\\vendor\\laravel\\framework\\src\\Illuminate\\Encryption\\EncryptionServiceProvider.php:83)
[stacktrace]
#0 C:\\xampp\\htdocs\\backend-2024\\backend-app\\vendor\\laravel\\framework\\src\\Illuminate\\Support\\helpers.php(380): Illuminate\\Encryption\\EncryptionServiceProvider->Illuminate\\Encryption\\{closure}(NULL)
#1 C:\\xampp\\htdocs\\backend-2024\\backend-app\\vendor\\laravel\\framework\\src\\Illuminate\\Encryption\\EncryptionServiceProvider.php(81): tap(NULL, Object(Closure))
#2 C:\\xampp\\htdocs\\backend-2024\\backend-app\\vendor\\laravel\\framework\\src\\Illuminate\\Encryption\\EncryptionServiceProvider.php(64): Illuminate\\Encryption\\EncryptionServiceProvider->key(Array)
#3 C:\\xampp\\htdocs\\backend-2024\\backend-app\\vendor\\laravel\\framework\\src\\Illuminate\\Encryption\\EncryptionServiceProvider.php(32): Illuminate\\Encryption\\EncryptionServiceProvider->parseKey(Array)
#4 C:\\xampp\\htdocs\\backend-2024\\backend-app\\vendor\\laravel\\framework\\src\\Illuminate\\Container\\Container.php(931): Illuminate\\Encryption\\EncryptionServiceProvider->Illuminate\\Encryption\\{closure}(Object(Illuminate\\Foundation\\Application), Array)
#5 C:\\xampp\\htdocs\\backend-2024\\backend-app\\vendor\\laravel\\framework\\src\\Illuminate\\Container\\Container.php(815): Illuminate\\Container\\Container->build(Object(Closure))
#6 C:\\xampp\\htdocs\\backend-2024\\backend-app\\vendor\\laravel\\framework\\src\\Illuminate\\Foundation\\Application.php(1046): Illuminate\\Container\\Container->resolve('encrypter', Array, true)
#7 C:\\xampp\\htdocs\\backend-2024\\backend-app\\vendor\\laravel\\framework\\src\\Illuminate\\Container\\Container.php(751): Illuminate\\Foundation\\Application->resolve('encrypter', Array)
#8 C:\\xampp\\htdocs\\backend-2024\\backend-app\\vendor\\laravel\\framework\\src\\Illuminate\\Foundation\\Application.php(1028): Illuminate\\Container\\Container->make('encrypter', Array)
#9 C:\\xampp\\htdocs\\backend-2024\\backend-app\\vendor\\laravel\\framework\\src\\Illuminate\\Container\\Container.php(1112): Illuminate\\Foundation\\Application->make('encrypter')
#10 C:\\xampp\\htdocs\\backend-2024\\backend-app\\vendor\\laravel\\framework\\src\\Illuminate\\Container\\Container.php(1022): Illuminate\\Container\\Container->resolveClass(Object(ReflectionParameter))
#11 C:\\xampp\\htdocs\\backend-2024\\backend-app\\vendor\\laravel\\framework\\src\\Illuminate\\Container\\Container.php(973): Illuminate\\Container\\Container->resolveDependencies(Array)
#12 C:\\xampp\\htdocs\\backend-2024\\backend-app\\vendor\\laravel\\framework\\src\\Illuminate\\Container\\Container.php(815): Illuminate\\Container\\Container->build('Illuminate\\\\Cook...')
#13 C:\\xampp\\htdocs\\backend-2024\\backend-app\\vendor\\laravel\\framework\\src\\Illuminate\\Foundation\\Application.php(1046): Illuminate\\Container\\Container->resolve('Illuminate\\\\Cook...', Array, true)
#14 C:\\xampp\\htdocs\\backend-2024\\backend-app\\vendor\\laravel\\framework\\src\\Illuminate\\Container\\Container.php(751): Illuminate\\Foundation\\Application->resolve('Illuminate\\\\Cook...', Array)
#15 C:\\xampp\\htdocs\\backend-2024\\backend-app\\vendor\\laravel\\framework\\src\\Illuminate\\Foundation\\Application.php(1028): Illuminate\\Container\\Container->make('Illuminate\\\\Cook...', Array)
#16 C:\\xampp\\htdocs\\backend-2024\\backend-app\\vendor\\laravel\\framework\\src\\Illuminate\\Pipeline\\Pipeline.php(172): Illuminate\\Foundation\\Application->make('Illuminate\\\\Cook...')
#17 C:\\xampp\\htdocs\\backend-2024\\backend-app\\vendor\\laravel\\framework\\src\\Illuminate\\Pipeline\\Pipeline.php(119): Illuminate\\Pipeline\\Pipeline->Illuminate\\Pipeline\\{closure}(Object(Illuminate\\Http\\Request))
#18 C:\\xampp\\htdocs\\backend-2024\\backend-app\\vendor\\laravel\\framework\\src\\Illuminate\\Routing\\Router.php(807): Illuminate\\Pipeline\\Pipeline->then(Object(Closure))
#19 C:\\xampp\\htdocs\\backend-2024\\backend-app\\vendor\\laravel\\framework\\src\\Illuminate\\Routing\\Router.php(786): Illuminate\\Routing\\Router->runRouteWithinStack(Object(Illuminate\\Routing\\Route), Object(Illuminate\\Http\\Request))
#20 C:\\xampp\\htdocs\\backend-2024\\backend-app\\vendor\\laravel\\framework\\src\\Illuminate\\Routing\\Router.php(750): Illuminate\\Routing\\Router->runRoute(Object(Illuminate\\Http\\Request), Object(Illuminate\\Routing\\Route))
#21 C:\\xampp\\htdocs\\backend-2024\\backend-app\\vendor\\laravel\\framework\\src\\Illuminate\\Routing\\Router.php(739): Illuminate\\Routing\\Router->dispatchToRoute(Object(Illuminate\\Http\\Request))
#22 C:\\xampp\\htdocs\\backend-2024\\backend-app\\vendor\\laravel\\framework\\src\\Illuminate\\Foundation\\Http\\Kernel.php(201): Illuminate\\Routing\\Router->dispatch(Object(Illuminate\\Http\\Request))
#23 C:\\xampp\\htdocs\\backend-2024\\backend-app\\vendor\\laravel\\framework\\src\\Illuminate\\Pipeline\\Pipeline.php(144): Illuminate\\Foundation\\Http\\Kernel->Illuminate\\Foundation\\Http\\{closure}(Object(Illuminate\\Http\\Request))
#24 C:\\xampp\\htdocs\\backend-2024\\backend-app\\vendor\\laravel\\framework\\src\\Illuminate\\Foundation\\Http\\Middleware\\TransformsRequest.php(21): Illuminate\\Pipeline\\Pipeline->Illuminate\\Pipeline\\{closure}(Object(Illuminate\\Http\\Request))
#25 C:\\xampp\\htdocs\\backend-2024\\backend-app\\vendor\\laravel\\framework\\src\\Illuminate\\Foundation\\Http\\Middleware\\ConvertEmptyStringsToNull.php(31): Illuminate\\Foundation\\Http\\Middleware\\TransformsRequest->handle(Object(Illuminate\\Http\\Request), Object(Closure))
#26 C:\\xampp\\htdocs\\backend-2024\\backend-app\\vendor\\laravel\\framework\\src\\Illuminate\\Pipeline\\Pipeline.php(183): Illuminate\\Foundation\\Http\\Middleware\\ConvertEmptyStringsToNull->handle(Object(Illuminate\\Http\\Request), Object(Closure))
#27 C:\\xampp\\htdocs\\backend-2024\\backend-app\\vendor\\laravel\\framework\\src\\Illuminate\\Foundation\\Http\\Middleware\\TransformsRequest.php(21): Illuminate\\Pipeline\\Pipeline->Illuminate\\Pipeline\\{closure}(Object(Illuminate\\Http\\Request))
#28 C:\\xampp\\htdocs\\backend-2024\\backend-app\\vendor\\laravel\\framework\\src\\Illuminate\\Foundation\\Http\\Middleware\\TrimStrings.php(51): Illuminate\\Foundation\\Http\\Middleware\\TransformsRequest->handle(Object(Illuminate\\Http\\Request), Object(Closure))
#29 C:\\xampp\\htdocs\\backend-2024\\backend-app\\vendor\\laravel\\framework\\src\\Illuminate\\Pipeline\\Pipeline.php(183): Illuminate\\Foundation\\Http\\Middleware\\TrimStrings->handle(Object(Illuminate\\Http\\Request), Object(Closure))
#30 C:\\xampp\\htdocs\\backend-2024\\backend-app\\vendor\\laravel\\framework\\src\\Illuminate\\Http\\Middleware\\ValidatePostSize.php(27): Illuminate\\Pipeline\\Pipeline->Illuminate\\Pipeline\\{closure}(Object(Illuminate\\Http\\Request))
#31 C:\\xampp\\htdocs\\backend-2024\\backend-app\\vendor\\laravel\\framework\\src\\Illuminate\\Pipeline\\Pipeline.php(183): Illuminate\\Http\\Middleware\\ValidatePostSize->handle(Object(Illuminate\\Http\\Request), Object(Closure))
#32 C:\\xampp\\htdocs\\backend-2024\\backend-app\\vendor\\laravel\\framework\\src\\Illuminate\\Foundation\\Http\\Middleware\\PreventRequestsDuringMaintenance.php(110): Illuminate\\Pipeline\\Pipeline->Illuminate\\Pipeline\\{closure}(Object(Illuminate\\Http\\Request))
#33 C:\\xampp\\htdocs\\backend-2024\\backend-app\\vendor\\laravel\\framework\\src\\Illuminate\\Pipeline\\Pipeline.php(183): Illuminate\\Foundation\\Http\\Middleware\\PreventRequestsDuringMaintenance->handle(Object(Illuminate\\Http\\Request), Object(Closure))
#34 C:\\xampp\\htdocs\\backend-2024\\backend-app\\vendor\\laravel\\framework\\src\\Illuminate\\Http\\Middleware\\HandleCors.php(49): Illuminate\\Pipeline\\Pipeline->Illuminate\\Pipeline\\{closure}(Object(Illuminate\\Http\\Request))
#35 C:\\xampp\\htdocs\\backend-2024\\backend-app\\vendor\\laravel\\framework\\src\\Illuminate\\Pipeline\\Pipeline.php(183): Illuminate\\Http\\Middleware\\HandleCors->handle(Object(Illuminate\\Http\\Request), Object(Closure))
#36 C:\\xampp\\htdocs\\backend-2024\\backend-app\\vendor\\laravel\\framework\\src\\Illuminate\\Http\\Middleware\\TrustProxies.php(58): Illuminate\\Pipeline\\Pipeline->Illuminate\\Pipeline\\{closure}(Object(Illuminate\\Http\\Request))
#37 C:\\xampp\\htdocs\\backend-2024\\backend-app\\vendor\\laravel\\framework\\src\\Illuminate\\Pipeline\\Pipeline.php(183): Illuminate\\Http\\Middleware\\TrustProxies->handle(Object(Illuminate\\Http\\Request), Object(Closure))
#38 C:\\xampp\\htdocs\\backend-2024\\backend-app\\vendor\\laravel\\framework\\src\\Illuminate\\Foundation\\Http\\Middleware\\InvokeDeferredCallbacks.php(22): Illuminate\\Pipeline\\Pipeline->Illuminate\\Pipeline\\{closure}(Object(Illuminate\\Http\\Request))
#39 C:\\xampp\\htdocs\\backend-2024\\backend-app\\vendor\\laravel\\framework\\src\\Illuminate\\Pipeline\\Pipeline.php(183): Illuminate\\Foundation\\Http\\Middleware\\InvokeDeferredCallbacks->handle(Object(Illuminate\\Http\\Request), Object(Closure))
#40 C:\\xampp\\htdocs\\backend-2024\\backend-app\\vendor\\laravel\\framework\\src\\Illuminate\\Pipeline\\Pipeline.php(119): Illuminate\\Pipeline\\Pipeline->Illuminate\\Pipeline\\{closure}(Object(Illuminate\\Http\\Request))
#41 C:\\xampp\\htdocs\\backend-2024\\backend-app\\vendor\\laravel\\framework\\src\\Illuminate\\Foundation\\Http\\Kernel.php(176): Illuminate\\Pipeline\\Pipeline->then(Object(Closure))
#42 C:\\xampp\\htdocs\\backend-2024\\backend-app\\vendor\\laravel\\framework\\src\\Illuminate\\Foundation\\Http\\Kernel.php(145): Illuminate\\Foundation\\Http\\Kernel->sendRequestThroughRouter(Object(Illuminate\\Http\\Request))
#43 C:\\xampp\\htdocs\\backend-2024\\backend-app\\vendor\\laravel\\framework\\src\\Illuminate\\Foundation\\Application.php(1188): Illuminate\\Foundation\\Http\\Kernel->handle(Object(Illuminate\\Http\\Request))
#44 C:\\xampp\\htdocs\\backend-2024\\backend-app\\public\\index.php(17): Illuminate\\Foundation\\Application->handleRequest(Object(Illuminate\\Http\\Request))
#45 {main}
"} 
[2024-10-23 07:07:15] production.ERROR: No application encryption key has been specified. {"exception":"[object] (Illuminate\\Encryption\\MissingAppKeyException(code: 0): No application encryption key has been specified. at C:\\xampp\\htdocs\\backend-2024\\backend-app\\vendor\\laravel\\framework\\src\\Illuminate\\Encryption\\EncryptionServiceProvider.php:83)
[stacktrace]
#0 C:\\xampp\\htdocs\\backend-2024\\backend-app\\vendor\\laravel\\framework\\src\\Illuminate\\Support\\helpers.php(380): Illuminate\\Encryption\\EncryptionServiceProvider->Illuminate\\Encryption\\{closure}(NULL)
#1 C:\\xampp\\htdocs\\backend-2024\\backend-app\\vendor\\laravel\\framework\\src\\Illuminate\\Encryption\\EncryptionServiceProvider.php(81): tap(NULL, Object(Closure))
#2 C:\\xampp\\htdocs\\backend-2024\\backend-app\\vendor\\laravel\\framework\\src\\Illuminate\\Encryption\\EncryptionServiceProvider.php(64): Illuminate\\Encryption\\EncryptionServiceProvider->key(Array)
#3 C:\\xampp\\htdocs\\backend-2024\\backend-app\\vendor\\laravel\\framework\\src\\Illuminate\\Encryption\\EncryptionServiceProvider.php(32): Illuminate\\Encryption\\EncryptionServiceProvider->parseKey(Array)
#4 C:\\xampp\\htdocs\\backend-2024\\backend-app\\vendor\\laravel\\framework\\src\\Illuminate\\Container\\Container.php(931): Illuminate\\Encryption\\EncryptionServiceProvider->Illuminate\\Encryption\\{closure}(Object(Illuminate\\Foundation\\Application), Array)
#5 C:\\xampp\\htdocs\\backend-2024\\backend-app\\vendor\\laravel\\framework\\src\\Illuminate\\Container\\Container.php(815): Illuminate\\Container\\Container->build(Object(Closure))
#6 C:\\xampp\\htdocs\\backend-2024\\backend-app\\vendor\\laravel\\framework\\src\\Illuminate\\Foundation\\Application.php(1046): Illuminate\\Container\\Container->resolve('encrypter', Array, true)
#7 C:\\xampp\\htdocs\\backend-2024\\backend-app\\vendor\\laravel\\framework\\src\\Illuminate\\Container\\Container.php(751): Illuminate\\Foundation\\Application->resolve('encrypter', Array)
#8 C:\\xampp\\htdocs\\backend-2024\\backend-app\\vendor\\laravel\\framework\\src\\Illuminate\\Foundation\\Application.php(1028): Illuminate\\Container\\Container->make('encrypter', Array)
#9 C:\\xampp\\htdocs\\backend-2024\\backend-app\\vendor\\laravel\\framework\\src\\Illuminate\\Container\\Container.php(1112): Illuminate\\Foundation\\Application->make('encrypter')
#10 C:\\xampp\\htdocs\\backend-2024\\backend-app\\vendor\\laravel\\framework\\src\\Illuminate\\Container\\Container.php(1022): Illuminate\\Container\\Container->resolveClass(Object(ReflectionParameter))
#11 C:\\xampp\\htdocs\\backend-2024\\backend-app\\vendor\\laravel\\framework\\src\\Illuminate\\Container\\Container.php(973): Illuminate\\Container\\Container->resolveDependencies(Array)
#12 C:\\xampp\\htdocs\\backend-2024\\backend-app\\vendor\\laravel\\framework\\src\\Illuminate\\Container\\Container.php(815): Illuminate\\Container\\Container->build('Illuminate\\\\Cook...')
#13 C:\\xampp\\htdocs\\backend-2024\\backend-app\\vendor\\laravel\\framework\\src\\Illuminate\\Foundation\\Application.php(1046): Illuminate\\Container\\Container->resolve('Illuminate\\\\Cook...', Array, true)
#14 C:\\xampp\\htdocs\\backend-2024\\backend-app\\vendor\\laravel\\framework\\src\\Illuminate\\Container\\Container.php(751): Illuminate\\Foundation\\Application->resolve('Illuminate\\\\Cook...', Array)
#15 C:\\xampp\\htdocs\\backend-2024\\backend-app\\vendor\\laravel\\framework\\src\\Illuminate\\Foundation\\Application.php(1028): Illuminate\\Container\\Container->make('Illuminate\\\\Cook...', Array)
#16 C:\\xampp\\htdocs\\backend-2024\\backend-app\\vendor\\laravel\\framework\\src\\Illuminate\\Foundation\\Http\\Kernel.php(258): Illuminate\\Foundation\\Application->make('Illuminate\\\\Cook...')
#17 C:\\xampp\\htdocs\\backend-2024\\backend-app\\vendor\\laravel\\framework\\src\\Illuminate\\Foundation\\Http\\Kernel.php(216): Illuminate\\Foundation\\Http\\Kernel->terminateMiddleware(Object(Illuminate\\Http\\Request), Object(Illuminate\\Http\\Response))
#18 C:\\xampp\\htdocs\\backend-2024\\backend-app\\vendor\\laravel\\framework\\src\\Illuminate\\Foundation\\Application.php(1190): Illuminate\\Foundation\\Http\\Kernel->terminate(Object(Illuminate\\Http\\Request), Object(Illuminate\\Http\\Response))
#19 C:\\xampp\\htdocs\\backend-2024\\backend-app\\public\\index.php(17): Illuminate\\Foundation\\Application->handleRequest(Object(Illuminate\\Http\\Request))
#20 {main}
"} 
[2024-10-23 07:07:22] production.ERROR: No application encryption key has been specified. {"exception":"[object] (Illuminate\\Encryption\\MissingAppKeyException(code: 0): No application encryption key has been specified. at C:\\xampp\\htdocs\\backend-2024\\backend-app\\vendor\\laravel\\framework\\src\\Illuminate\\Encryption\\EncryptionServiceProvider.php:83)
[stacktrace]
#0 C:\\xampp\\htdocs\\backend-2024\\backend-app\\vendor\\laravel\\framework\\src\\Illuminate\\Support\\helpers.php(380): Illuminate\\Encryption\\EncryptionServiceProvider->Illuminate\\Encryption\\{closure}(NULL)
#1 C:\\xampp\\htdocs\\backend-2024\\backend-app\\vendor\\laravel\\framework\\src\\Illuminate\\Encryption\\EncryptionServiceProvider.php(81): tap(NULL, Object(Closure))
#2 C:\\xampp\\htdocs\\backend-2024\\backend-app\\vendor\\laravel\\framework\\src\\Illuminate\\Encryption\\EncryptionServiceProvider.php(64): Illuminate\\Encryption\\EncryptionServiceProvider->key(Array)
#3 C:\\xampp\\htdocs\\backend-2024\\backend-app\\vendor\\laravel\\framework\\src\\Illuminate\\Encryption\\EncryptionServiceProvider.php(32): Illuminate\\Encryption\\EncryptionServiceProvider->parseKey(Array)
#4 C:\\xampp\\htdocs\\backend-2024\\backend-app\\vendor\\laravel\\framework\\src\\Illuminate\\Container\\Container.php(931): Illuminate\\Encryption\\EncryptionServiceProvider->Illuminate\\Encryption\\{closure}(Object(Illuminate\\Foundation\\Application), Array)
#5 C:\\xampp\\htdocs\\backend-2024\\backend-app\\vendor\\laravel\\framework\\src\\Illuminate\\Container\\Container.php(815): Illuminate\\Container\\Container->build(Object(Closure))
#6 C:\\xampp\\htdocs\\backend-2024\\backend-app\\vendor\\laravel\\framework\\src\\Illuminate\\Foundation\\Application.php(1046): Illuminate\\Container\\Container->resolve('encrypter', Array, true)
#7 C:\\xampp\\htdocs\\backend-2024\\backend-app\\vendor\\laravel\\framework\\src\\Illuminate\\Container\\Container.php(751): Illuminate\\Foundation\\Application->resolve('encrypter', Array)
#8 C:\\xampp\\htdocs\\backend-2024\\backend-app\\vendor\\laravel\\framework\\src\\Illuminate\\Foundation\\Application.php(1028): Illuminate\\Container\\Container->make('encrypter', Array)
#9 C:\\xampp\\htdocs\\backend-2024\\backend-app\\vendor\\laravel\\framework\\src\\Illuminate\\Container\\Container.php(1112): Illuminate\\Foundation\\Application->make('encrypter')
#10 C:\\xampp\\htdocs\\backend-2024\\backend-app\\vendor\\laravel\\framework\\src\\Illuminate\\Container\\Container.php(1022): Illuminate\\Container\\Container->resolveClass(Object(ReflectionParameter))
#11 C:\\xampp\\htdocs\\backend-2024\\backend-app\\vendor\\laravel\\framework\\src\\Illuminate\\Container\\Container.php(973): Illuminate\\Container\\Container->resolveDependencies(Array)
#12 C:\\xampp\\htdocs\\backend-2024\\backend-app\\vendor\\laravel\\framework\\src\\Illuminate\\Container\\Container.php(815): Illuminate\\Container\\Container->build('Illuminate\\\\Cook...')
#13 C:\\xampp\\htdocs\\backend-2024\\backend-app\\vendor\\laravel\\framework\\src\\Illuminate\\Foundation\\Application.php(1046): Illuminate\\Container\\Container->resolve('Illuminate\\\\Cook...', Array, true)
#14 C:\\xampp\\htdocs\\backend-2024\\backend-app\\vendor\\laravel\\framework\\src\\Illuminate\\Container\\Container.php(751): Illuminate\\Foundation\\Application->resolve('Illuminate\\\\Cook...', Array)
#15 C:\\xampp\\htdocs\\backend-2024\\backend-app\\vendor\\laravel\\framework\\src\\Illuminate\\Foundation\\Application.php(1028): Illuminate\\Container\\Container->make('Illuminate\\\\Cook...', Array)
#16 C:\\xampp\\htdocs\\backend-2024\\backend-app\\vendor\\laravel\\framework\\src\\Illuminate\\Pipeline\\Pipeline.php(172): Illuminate\\Foundation\\Application->make('Illuminate\\\\Cook...')
#17 C:\\xampp\\htdocs\\backend-2024\\backend-app\\vendor\\laravel\\framework\\src\\Illuminate\\Pipeline\\Pipeline.php(119): Illuminate\\Pipeline\\Pipeline->Illuminate\\Pipeline\\{closure}(Object(Illuminate\\Http\\Request))
#18 C:\\xampp\\htdocs\\backend-2024\\backend-app\\vendor\\laravel\\framework\\src\\Illuminate\\Routing\\Router.php(807): Illuminate\\Pipeline\\Pipeline->then(Object(Closure))
#19 C:\\xampp\\htdocs\\backend-2024\\backend-app\\vendor\\laravel\\framework\\src\\Illuminate\\Routing\\Router.php(786): Illuminate\\Routing\\Router->runRouteWithinStack(Object(Illuminate\\Routing\\Route), Object(Illuminate\\Http\\Request))
#20 C:\\xampp\\htdocs\\backend-2024\\backend-app\\vendor\\laravel\\framework\\src\\Illuminate\\Routing\\Router.php(750): Illuminate\\Routing\\Router->runRoute(Object(Illuminate\\Http\\Request), Object(Illuminate\\Routing\\Route))
#21 C:\\xampp\\htdocs\\backend-2024\\backend-app\\vendor\\laravel\\framework\\src\\Illuminate\\Routing\\Router.php(739): Illuminate\\Routing\\Router->dispatchToRoute(Object(Illuminate\\Http\\Request))
#22 C:\\xampp\\htdocs\\backend-2024\\backend-app\\vendor\\laravel\\framework\\src\\Illuminate\\Foundation\\Http\\Kernel.php(201): Illuminate\\Routing\\Router->dispatch(Object(Illuminate\\Http\\Request))
#23 C:\\xampp\\htdocs\\backend-2024\\backend-app\\vendor\\laravel\\framework\\src\\Illuminate\\Pipeline\\Pipeline.php(144): Illuminate\\Foundation\\Http\\Kernel->Illuminate\\Foundation\\Http\\{closure}(Object(Illuminate\\Http\\Request))
#24 C:\\xampp\\htdocs\\backend-2024\\backend-app\\vendor\\laravel\\framework\\src\\Illuminate\\Foundation\\Http\\Middleware\\TransformsRequest.php(21): Illuminate\\Pipeline\\Pipeline->Illuminate\\Pipeline\\{closure}(Object(Illuminate\\Http\\Request))
#25 C:\\xampp\\htdocs\\backend-2024\\backend-app\\vendor\\laravel\\framework\\src\\Illuminate\\Foundation\\Http\\Middleware\\ConvertEmptyStringsToNull.php(31): Illuminate\\Foundation\\Http\\Middleware\\TransformsRequest->handle(Object(Illuminate\\Http\\Request), Object(Closure))
#26 C:\\xampp\\htdocs\\backend-2024\\backend-app\\vendor\\laravel\\framework\\src\\Illuminate\\Pipeline\\Pipeline.php(183): Illuminate\\Foundation\\Http\\Middleware\\ConvertEmptyStringsToNull->handle(Object(Illuminate\\Http\\Request), Object(Closure))
#27 C:\\xampp\\htdocs\\backend-2024\\backend-app\\vendor\\laravel\\framework\\src\\Illuminate\\Foundation\\Http\\Middleware\\TransformsRequest.php(21): Illuminate\\Pipeline\\Pipeline->Illuminate\\Pipeline\\{closure}(Object(Illuminate\\Http\\Request))
#28 C:\\xampp\\htdocs\\backend-2024\\backend-app\\vendor\\laravel\\framework\\src\\Illuminate\\Foundation\\Http\\Middleware\\TrimStrings.php(51): Illuminate\\Foundation\\Http\\Middleware\\TransformsRequest->handle(Object(Illuminate\\Http\\Request), Object(Closure))
#29 C:\\xampp\\htdocs\\backend-2024\\backend-app\\vendor\\laravel\\framework\\src\\Illuminate\\Pipeline\\Pipeline.php(183): Illuminate\\Foundation\\Http\\Middleware\\TrimStrings->handle(Object(Illuminate\\Http\\Request), Object(Closure))
#30 C:\\xampp\\htdocs\\backend-2024\\backend-app\\vendor\\laravel\\framework\\src\\Illuminate\\Http\\Middleware\\ValidatePostSize.php(27): Illuminate\\Pipeline\\Pipeline->Illuminate\\Pipeline\\{closure}(Object(Illuminate\\Http\\Request))
#31 C:\\xampp\\htdocs\\backend-2024\\backend-app\\vendor\\laravel\\framework\\src\\Illuminate\\Pipeline\\Pipeline.php(183): Illuminate\\Http\\Middleware\\ValidatePostSize->handle(Object(Illuminate\\Http\\Request), Object(Closure))
#32 C:\\xampp\\htdocs\\backend-2024\\backend-app\\vendor\\laravel\\framework\\src\\Illuminate\\Foundation\\Http\\Middleware\\PreventRequestsDuringMaintenance.php(110): Illuminate\\Pipeline\\Pipeline->Illuminate\\Pipeline\\{closure}(Object(Illuminate\\Http\\Request))
#33 C:\\xampp\\htdocs\\backend-2024\\backend-app\\vendor\\laravel\\framework\\src\\Illuminate\\Pipeline\\Pipeline.php(183): Illuminate\\Foundation\\Http\\Middleware\\PreventRequestsDuringMaintenance->handle(Object(Illuminate\\Http\\Request), Object(Closure))
#34 C:\\xampp\\htdocs\\backend-2024\\backend-app\\vendor\\laravel\\framework\\src\\Illuminate\\Http\\Middleware\\HandleCors.php(49): Illuminate\\Pipeline\\Pipeline->Illuminate\\Pipeline\\{closure}(Object(Illuminate\\Http\\Request))
#35 C:\\xampp\\htdocs\\backend-2024\\backend-app\\vendor\\laravel\\framework\\src\\Illuminate\\Pipeline\\Pipeline.php(183): Illuminate\\Http\\Middleware\\HandleCors->handle(Object(Illuminate\\Http\\Request), Object(Closure))
#36 C:\\xampp\\htdocs\\backend-2024\\backend-app\\vendor\\laravel\\framework\\src\\Illuminate\\Http\\Middleware\\TrustProxies.php(58): Illuminate\\Pipeline\\Pipeline->Illuminate\\Pipeline\\{closure}(Object(Illuminate\\Http\\Request))
#37 C:\\xampp\\htdocs\\backend-2024\\backend-app\\vendor\\laravel\\framework\\src\\Illuminate\\Pipeline\\Pipeline.php(183): Illuminate\\Http\\Middleware\\TrustProxies->handle(Object(Illuminate\\Http\\Request), Object(Closure))
#38 C:\\xampp\\htdocs\\backend-2024\\backend-app\\vendor\\laravel\\framework\\src\\Illuminate\\Foundation\\Http\\Middleware\\InvokeDeferredCallbacks.php(22): Illuminate\\Pipeline\\Pipeline->Illuminate\\Pipeline\\{closure}(Object(Illuminate\\Http\\Request))
#39 C:\\xampp\\htdocs\\backend-2024\\backend-app\\vendor\\laravel\\framework\\src\\Illuminate\\Pipeline\\Pipeline.php(183): Illuminate\\Foundation\\Http\\Middleware\\InvokeDeferredCallbacks->handle(Object(Illuminate\\Http\\Request), Object(Closure))
#40 C:\\xampp\\htdocs\\backend-2024\\backend-app\\vendor\\laravel\\framework\\src\\Illuminate\\Pipeline\\Pipeline.php(119): Illuminate\\Pipeline\\Pipeline->Illuminate\\Pipeline\\{closure}(Object(Illuminate\\Http\\Request))
#41 C:\\xampp\\htdocs\\backend-2024\\backend-app\\vendor\\laravel\\framework\\src\\Illuminate\\Foundation\\Http\\Kernel.php(176): Illuminate\\Pipeline\\Pipeline->then(Object(Closure))
#42 C:\\xampp\\htdocs\\backend-2024\\backend-app\\vendor\\laravel\\framework\\src\\Illuminate\\Foundation\\Http\\Kernel.php(145): Illuminate\\Foundation\\Http\\Kernel->sendRequestThroughRouter(Object(Illuminate\\Http\\Request))
#43 C:\\xampp\\htdocs\\backend-2024\\backend-app\\vendor\\laravel\\framework\\src\\Illuminate\\Foundation\\Application.php(1188): Illuminate\\Foundation\\Http\\Kernel->handle(Object(Illuminate\\Http\\Request))
#44 C:\\xampp\\htdocs\\backend-2024\\backend-app\\public\\index.php(17): Illuminate\\Foundation\\Application->handleRequest(Object(Illuminate\\Http\\Request))
#45 {main}
"} 
[2024-10-23 07:07:22] production.ERROR: No application encryption key has been specified. {"exception":"[object] (Illuminate\\Encryption\\MissingAppKeyException(code: 0): No application encryption key has been specified. at C:\\xampp\\htdocs\\backend-2024\\backend-app\\vendor\\laravel\\framework\\src\\Illuminate\\Encryption\\EncryptionServiceProvider.php:83)
[stacktrace]
#0 C:\\xampp\\htdocs\\backend-2024\\backend-app\\vendor\\laravel\\framework\\src\\Illuminate\\Support\\helpers.php(380): Illuminate\\Encryption\\EncryptionServiceProvider->Illuminate\\Encryption\\{closure}(NULL)
#1 C:\\xampp\\htdocs\\backend-2024\\backend-app\\vendor\\laravel\\framework\\src\\Illuminate\\Encryption\\EncryptionServiceProvider.php(81): tap(NULL, Object(Closure))
#2 C:\\xampp\\htdocs\\backend-2024\\backend-app\\vendor\\laravel\\framework\\src\\Illuminate\\Encryption\\EncryptionServiceProvider.php(64): Illuminate\\Encryption\\EncryptionServiceProvider->key(Array)
#3 C:\\xampp\\htdocs\\backend-2024\\backend-app\\vendor\\laravel\\framework\\src\\Illuminate\\Encryption\\EncryptionServiceProvider.php(32): Illuminate\\Encryption\\EncryptionServiceProvider->parseKey(Array)
#4 C:\\xampp\\htdocs\\backend-2024\\backend-app\\vendor\\laravel\\framework\\src\\Illuminate\\Container\\Container.php(931): Illuminate\\Encryption\\EncryptionServiceProvider->Illuminate\\Encryption\\{closure}(Object(Illuminate\\Foundation\\Application), Array)
#5 C:\\xampp\\htdocs\\backend-2024\\backend-app\\vendor\\laravel\\framework\\src\\Illuminate\\Container\\Container.php(815): Illuminate\\Container\\Container->build(Object(Closure))
#6 C:\\xampp\\htdocs\\backend-2024\\backend-app\\vendor\\laravel\\framework\\src\\Illuminate\\Foundation\\Application.php(1046): Illuminate\\Container\\Container->resolve('encrypter', Array, true)
#7 C:\\xampp\\htdocs\\backend-2024\\backend-app\\vendor\\laravel\\framework\\src\\Illuminate\\Container\\Container.php(751): Illuminate\\Foundation\\Application->resolve('encrypter', Array)
#8 C:\\xampp\\htdocs\\backend-2024\\backend-app\\vendor\\laravel\\framework\\src\\Illuminate\\Foundation\\Application.php(1028): Illuminate\\Container\\Container->make('encrypter', Array)
#9 C:\\xampp\\htdocs\\backend-2024\\backend-app\\vendor\\laravel\\framework\\src\\Illuminate\\Container\\Container.php(1112): Illuminate\\Foundation\\Application->make('encrypter')
#10 C:\\xampp\\htdocs\\backend-2024\\backend-app\\vendor\\laravel\\framework\\src\\Illuminate\\Container\\Container.php(1022): Illuminate\\Container\\Container->resolveClass(Object(ReflectionParameter))
#11 C:\\xampp\\htdocs\\backend-2024\\backend-app\\vendor\\laravel\\framework\\src\\Illuminate\\Container\\Container.php(973): Illuminate\\Container\\Container->resolveDependencies(Array)
#12 C:\\xampp\\htdocs\\backend-2024\\backend-app\\vendor\\laravel\\framework\\src\\Illuminate\\Container\\Container.php(815): Illuminate\\Container\\Container->build('Illuminate\\\\Cook...')
#13 C:\\xampp\\htdocs\\backend-2024\\backend-app\\vendor\\laravel\\framework\\src\\Illuminate\\Foundation\\Application.php(1046): Illuminate\\Container\\Container->resolve('Illuminate\\\\Cook...', Array, true)
#14 C:\\xampp\\htdocs\\backend-2024\\backend-app\\vendor\\laravel\\framework\\src\\Illuminate\\Container\\Container.php(751): Illuminate\\Foundation\\Application->resolve('Illuminate\\\\Cook...', Array)
#15 C:\\xampp\\htdocs\\backend-2024\\backend-app\\vendor\\laravel\\framework\\src\\Illuminate\\Foundation\\Application.php(1028): Illuminate\\Container\\Container->make('Illuminate\\\\Cook...', Array)
#16 C:\\xampp\\htdocs\\backend-2024\\backend-app\\vendor\\laravel\\framework\\src\\Illuminate\\Foundation\\Http\\Kernel.php(258): Illuminate\\Foundation\\Application->make('Illuminate\\\\Cook...')
#17 C:\\xampp\\htdocs\\backend-2024\\backend-app\\vendor\\laravel\\framework\\src\\Illuminate\\Foundation\\Http\\Kernel.php(216): Illuminate\\Foundation\\Http\\Kernel->terminateMiddleware(Object(Illuminate\\Http\\Request), Object(Illuminate\\Http\\Response))
#18 C:\\xampp\\htdocs\\backend-2024\\backend-app\\vendor\\laravel\\framework\\src\\Illuminate\\Foundation\\Application.php(1190): Illuminate\\Foundation\\Http\\Kernel->terminate(Object(Illuminate\\Http\\Request), Object(Illuminate\\Http\\Response))
#19 C:\\xampp\\htdocs\\backend-2024\\backend-app\\public\\index.php(17): Illuminate\\Foundation\\Application->handleRequest(Object(Illuminate\\Http\\Request))
#20 {main}
"} 
[2024-10-23 07:07:57] production.ERROR: No application encryption key has been specified. {"exception":"[object] (Illuminate\\Encryption\\MissingAppKeyException(code: 0): No application encryption key has been specified. at C:\\xampp\\htdocs\\backend-2024\\backend-app\\vendor\\laravel\\framework\\src\\Illuminate\\Encryption\\EncryptionServiceProvider.php:83)
[stacktrace]
#0 C:\\xampp\\htdocs\\backend-2024\\backend-app\\vendor\\laravel\\framework\\src\\Illuminate\\Support\\helpers.php(380): Illuminate\\Encryption\\EncryptionServiceProvider->Illuminate\\Encryption\\{closure}(NULL)
#1 C:\\xampp\\htdocs\\backend-2024\\backend-app\\vendor\\laravel\\framework\\src\\Illuminate\\Encryption\\EncryptionServiceProvider.php(81): tap(NULL, Object(Closure))
#2 C:\\xampp\\htdocs\\backend-2024\\backend-app\\vendor\\laravel\\framework\\src\\Illuminate\\Encryption\\EncryptionServiceProvider.php(64): Illuminate\\Encryption\\EncryptionServiceProvider->key(Array)
#3 C:\\xampp\\htdocs\\backend-2024\\backend-app\\vendor\\laravel\\framework\\src\\Illuminate\\Encryption\\EncryptionServiceProvider.php(32): Illuminate\\Encryption\\EncryptionServiceProvider->parseKey(Array)
#4 C:\\xampp\\htdocs\\backend-2024\\backend-app\\vendor\\laravel\\framework\\src\\Illuminate\\Container\\Container.php(931): Illuminate\\Encryption\\EncryptionServiceProvider->Illuminate\\Encryption\\{closure}(Object(Illuminate\\Foundation\\Application), Array)
#5 C:\\xampp\\htdocs\\backend-2024\\backend-app\\vendor\\laravel\\framework\\src\\Illuminate\\Container\\Container.php(815): Illuminate\\Container\\Container->build(Object(Closure))
#6 C:\\xampp\\htdocs\\backend-2024\\backend-app\\vendor\\laravel\\framework\\src\\Illuminate\\Foundation\\Application.php(1046): Illuminate\\Container\\Container->resolve('encrypter', Array, true)
#7 C:\\xampp\\htdocs\\backend-2024\\backend-app\\vendor\\laravel\\framework\\src\\Illuminate\\Container\\Container.php(751): Illuminate\\Foundation\\Application->resolve('encrypter', Array)
#8 C:\\xampp\\htdocs\\backend-2024\\backend-app\\vendor\\laravel\\framework\\src\\Illuminate\\Foundation\\Application.php(1028): Illuminate\\Container\\Container->make('encrypter', Array)
#9 C:\\xampp\\htdocs\\backend-2024\\backend-app\\vendor\\laravel\\framework\\src\\Illuminate\\Container\\Container.php(1112): Illuminate\\Foundation\\Application->make('encrypter')
#10 C:\\xampp\\htdocs\\backend-2024\\backend-app\\vendor\\laravel\\framework\\src\\Illuminate\\Container\\Container.php(1022): Illuminate\\Container\\Container->resolveClass(Object(ReflectionParameter))
#11 C:\\xampp\\htdocs\\backend-2024\\backend-app\\vendor\\laravel\\framework\\src\\Illuminate\\Container\\Container.php(973): Illuminate\\Container\\Container->resolveDependencies(Array)
#12 C:\\xampp\\htdocs\\backend-2024\\backend-app\\vendor\\laravel\\framework\\src\\Illuminate\\Container\\Container.php(815): Illuminate\\Container\\Container->build('Illuminate\\\\Cook...')
#13 C:\\xampp\\htdocs\\backend-2024\\backend-app\\vendor\\laravel\\framework\\src\\Illuminate\\Foundation\\Application.php(1046): Illuminate\\Container\\Container->resolve('Illuminate\\\\Cook...', Array, true)
#14 C:\\xampp\\htdocs\\backend-2024\\backend-app\\vendor\\laravel\\framework\\src\\Illuminate\\Container\\Container.php(751): Illuminate\\Foundation\\Application->resolve('Illuminate\\\\Cook...', Array)
#15 C:\\xampp\\htdocs\\backend-2024\\backend-app\\vendor\\laravel\\framework\\src\\Illuminate\\Foundation\\Application.php(1028): Illuminate\\Container\\Container->make('Illuminate\\\\Cook...', Array)
#16 C:\\xampp\\htdocs\\backend-2024\\backend-app\\vendor\\laravel\\framework\\src\\Illuminate\\Pipeline\\Pipeline.php(172): Illuminate\\Foundation\\Application->make('Illuminate\\\\Cook...')
#17 C:\\xampp\\htdocs\\backend-2024\\backend-app\\vendor\\laravel\\framework\\src\\Illuminate\\Pipeline\\Pipeline.php(119): Illuminate\\Pipeline\\Pipeline->Illuminate\\Pipeline\\{closure}(Object(Illuminate\\Http\\Request))
#18 C:\\xampp\\htdocs\\backend-2024\\backend-app\\vendor\\laravel\\framework\\src\\Illuminate\\Routing\\Router.php(807): Illuminate\\Pipeline\\Pipeline->then(Object(Closure))
#19 C:\\xampp\\htdocs\\backend-2024\\backend-app\\vendor\\laravel\\framework\\src\\Illuminate\\Routing\\Router.php(786): Illuminate\\Routing\\Router->runRouteWithinStack(Object(Illuminate\\Routing\\Route), Object(Illuminate\\Http\\Request))
#20 C:\\xampp\\htdocs\\backend-2024\\backend-app\\vendor\\laravel\\framework\\src\\Illuminate\\Routing\\Router.php(750): Illuminate\\Routing\\Router->runRoute(Object(Illuminate\\Http\\Request), Object(Illuminate\\Routing\\Route))
#21 C:\\xampp\\htdocs\\backend-2024\\backend-app\\vendor\\laravel\\framework\\src\\Illuminate\\Routing\\Router.php(739): Illuminate\\Routing\\Router->dispatchToRoute(Object(Illuminate\\Http\\Request))
#22 C:\\xampp\\htdocs\\backend-2024\\backend-app\\vendor\\laravel\\framework\\src\\Illuminate\\Foundation\\Http\\Kernel.php(201): Illuminate\\Routing\\Router->dispatch(Object(Illuminate\\Http\\Request))
#23 C:\\xampp\\htdocs\\backend-2024\\backend-app\\vendor\\laravel\\framework\\src\\Illuminate\\Pipeline\\Pipeline.php(144): Illuminate\\Foundation\\Http\\Kernel->Illuminate\\Foundation\\Http\\{closure}(Object(Illuminate\\Http\\Request))
#24 C:\\xampp\\htdocs\\backend-2024\\backend-app\\vendor\\laravel\\framework\\src\\Illuminate\\Foundation\\Http\\Middleware\\TransformsRequest.php(21): Illuminate\\Pipeline\\Pipeline->Illuminate\\Pipeline\\{closure}(Object(Illuminate\\Http\\Request))
#25 C:\\xampp\\htdocs\\backend-2024\\backend-app\\vendor\\laravel\\framework\\src\\Illuminate\\Foundation\\Http\\Middleware\\ConvertEmptyStringsToNull.php(31): Illuminate\\Foundation\\Http\\Middleware\\TransformsRequest->handle(Object(Illuminate\\Http\\Request), Object(Closure))
#26 C:\\xampp\\htdocs\\backend-2024\\backend-app\\vendor\\laravel\\framework\\src\\Illuminate\\Pipeline\\Pipeline.php(183): Illuminate\\Foundation\\Http\\Middleware\\ConvertEmptyStringsToNull->handle(Object(Illuminate\\Http\\Request), Object(Closure))
#27 C:\\xampp\\htdocs\\backend-2024\\backend-app\\vendor\\laravel\\framework\\src\\Illuminate\\Foundation\\Http\\Middleware\\TransformsRequest.php(21): Illuminate\\Pipeline\\Pipeline->Illuminate\\Pipeline\\{closure}(Object(Illuminate\\Http\\Request))
#28 C:\\xampp\\htdocs\\backend-2024\\backend-app\\vendor\\laravel\\framework\\src\\Illuminate\\Foundation\\Http\\Middleware\\TrimStrings.php(51): Illuminate\\Foundation\\Http\\Middleware\\TransformsRequest->handle(Object(Illuminate\\Http\\Request), Object(Closure))
#29 C:\\xampp\\htdocs\\backend-2024\\backend-app\\vendor\\laravel\\framework\\src\\Illuminate\\Pipeline\\Pipeline.php(183): Illuminate\\Foundation\\Http\\Middleware\\TrimStrings->handle(Object(Illuminate\\Http\\Request), Object(Closure))
#30 C:\\xampp\\htdocs\\backend-2024\\backend-app\\vendor\\laravel\\framework\\src\\Illuminate\\Http\\Middleware\\ValidatePostSize.php(27): Illuminate\\Pipeline\\Pipeline->Illuminate\\Pipeline\\{closure}(Object(Illuminate\\Http\\Request))
#31 C:\\xampp\\htdocs\\backend-2024\\backend-app\\vendor\\laravel\\framework\\src\\Illuminate\\Pipeline\\Pipeline.php(183): Illuminate\\Http\\Middleware\\ValidatePostSize->handle(Object(Illuminate\\Http\\Request), Object(Closure))
#32 C:\\xampp\\htdocs\\backend-2024\\backend-app\\vendor\\laravel\\framework\\src\\Illuminate\\Foundation\\Http\\Middleware\\PreventRequestsDuringMaintenance.php(110): Illuminate\\Pipeline\\Pipeline->Illuminate\\Pipeline\\{closure}(Object(Illuminate\\Http\\Request))
#33 C:\\xampp\\htdocs\\backend-2024\\backend-app\\vendor\\laravel\\framework\\src\\Illuminate\\Pipeline\\Pipeline.php(183): Illuminate\\Foundation\\Http\\Middleware\\PreventRequestsDuringMaintenance->handle(Object(Illuminate\\Http\\Request), Object(Closure))
#34 C:\\xampp\\htdocs\\backend-2024\\backend-app\\vendor\\laravel\\framework\\src\\Illuminate\\Http\\Middleware\\HandleCors.php(49): Illuminate\\Pipeline\\Pipeline->Illuminate\\Pipeline\\{closure}(Object(Illuminate\\Http\\Request))
#35 C:\\xampp\\htdocs\\backend-2024\\backend-app\\vendor\\laravel\\framework\\src\\Illuminate\\Pipeline\\Pipeline.php(183): Illuminate\\Http\\Middleware\\HandleCors->handle(Object(Illuminate\\Http\\Request), Object(Closure))
#36 C:\\xampp\\htdocs\\backend-2024\\backend-app\\vendor\\laravel\\framework\\src\\Illuminate\\Http\\Middleware\\TrustProxies.php(58): Illuminate\\Pipeline\\Pipeline->Illuminate\\Pipeline\\{closure}(Object(Illuminate\\Http\\Request))
#37 C:\\xampp\\htdocs\\backend-2024\\backend-app\\vendor\\laravel\\framework\\src\\Illuminate\\Pipeline\\Pipeline.php(183): Illuminate\\Http\\Middleware\\TrustProxies->handle(Object(Illuminate\\Http\\Request), Object(Closure))
#38 C:\\xampp\\htdocs\\backend-2024\\backend-app\\vendor\\laravel\\framework\\src\\Illuminate\\Foundation\\Http\\Middleware\\InvokeDeferredCallbacks.php(22): Illuminate\\Pipeline\\Pipeline->Illuminate\\Pipeline\\{closure}(Object(Illuminate\\Http\\Request))
#39 C:\\xampp\\htdocs\\backend-2024\\backend-app\\vendor\\laravel\\framework\\src\\Illuminate\\Pipeline\\Pipeline.php(183): Illuminate\\Foundation\\Http\\Middleware\\InvokeDeferredCallbacks->handle(Object(Illuminate\\Http\\Request), Object(Closure))
#40 C:\\xampp\\htdocs\\backend-2024\\backend-app\\vendor\\laravel\\framework\\src\\Illuminate\\Pipeline\\Pipeline.php(119): Illuminate\\Pipeline\\Pipeline->Illuminate\\Pipeline\\{closure}(Object(Illuminate\\Http\\Request))
#41 C:\\xampp\\htdocs\\backend-2024\\backend-app\\vendor\\laravel\\framework\\src\\Illuminate\\Foundation\\Http\\Kernel.php(176): Illuminate\\Pipeline\\Pipeline->then(Object(Closure))
#42 C:\\xampp\\htdocs\\backend-2024\\backend-app\\vendor\\laravel\\framework\\src\\Illuminate\\Foundation\\Http\\Kernel.php(145): Illuminate\\Foundation\\Http\\Kernel->sendRequestThroughRouter(Object(Illuminate\\Http\\Request))
#43 C:\\xampp\\htdocs\\backend-2024\\backend-app\\vendor\\laravel\\framework\\src\\Illuminate\\Foundation\\Application.php(1188): Illuminate\\Foundation\\Http\\Kernel->handle(Object(Illuminate\\Http\\Request))
#44 C:\\xampp\\htdocs\\backend-2024\\backend-app\\public\\index.php(17): Illuminate\\Foundation\\Application->handleRequest(Object(Illuminate\\Http\\Request))
#45 {main}
"} 
[2024-10-23 07:07:57] production.ERROR: No application encryption key has been specified. {"exception":"[object] (Illuminate\\Encryption\\MissingAppKeyException(code: 0): No application encryption key has been specified. at C:\\xampp\\htdocs\\backend-2024\\backend-app\\vendor\\laravel\\framework\\src\\Illuminate\\Encryption\\EncryptionServiceProvider.php:83)
[stacktrace]
#0 C:\\xampp\\htdocs\\backend-2024\\backend-app\\vendor\\laravel\\framework\\src\\Illuminate\\Support\\helpers.php(380): Illuminate\\Encryption\\EncryptionServiceProvider->Illuminate\\Encryption\\{closure}(NULL)
#1 C:\\xampp\\htdocs\\backend-2024\\backend-app\\vendor\\laravel\\framework\\src\\Illuminate\\Encryption\\EncryptionServiceProvider.php(81): tap(NULL, Object(Closure))
#2 C:\\xampp\\htdocs\\backend-2024\\backend-app\\vendor\\laravel\\framework\\src\\Illuminate\\Encryption\\EncryptionServiceProvider.php(64): Illuminate\\Encryption\\EncryptionServiceProvider->key(Array)
#3 C:\\xampp\\htdocs\\backend-2024\\backend-app\\vendor\\laravel\\framework\\src\\Illuminate\\Encryption\\EncryptionServiceProvider.php(32): Illuminate\\Encryption\\EncryptionServiceProvider->parseKey(Array)
#4 C:\\xampp\\htdocs\\backend-2024\\backend-app\\vendor\\laravel\\framework\\src\\Illuminate\\Container\\Container.php(931): Illuminate\\Encryption\\EncryptionServiceProvider->Illuminate\\Encryption\\{closure}(Object(Illuminate\\Foundation\\Application), Array)
#5 C:\\xampp\\htdocs\\backend-2024\\backend-app\\vendor\\laravel\\framework\\src\\Illuminate\\Container\\Container.php(815): Illuminate\\Container\\Container->build(Object(Closure))
#6 C:\\xampp\\htdocs\\backend-2024\\backend-app\\vendor\\laravel\\framework\\src\\Illuminate\\Foundation\\Application.php(1046): Illuminate\\Container\\Container->resolve('encrypter', Array, true)
#7 C:\\xampp\\htdocs\\backend-2024\\backend-app\\vendor\\laravel\\framework\\src\\Illuminate\\Container\\Container.php(751): Illuminate\\Foundation\\Application->resolve('encrypter', Array)
#8 C:\\xampp\\htdocs\\backend-2024\\backend-app\\vendor\\laravel\\framework\\src\\Illuminate\\Foundation\\Application.php(1028): Illuminate\\Container\\Container->make('encrypter', Array)
#9 C:\\xampp\\htdocs\\backend-2024\\backend-app\\vendor\\laravel\\framework\\src\\Illuminate\\Container\\Container.php(1112): Illuminate\\Foundation\\Application->make('encrypter')
#10 C:\\xampp\\htdocs\\backend-2024\\backend-app\\vendor\\laravel\\framework\\src\\Illuminate\\Container\\Container.php(1022): Illuminate\\Container\\Container->resolveClass(Object(ReflectionParameter))
#11 C:\\xampp\\htdocs\\backend-2024\\backend-app\\vendor\\laravel\\framework\\src\\Illuminate\\Container\\Container.php(973): Illuminate\\Container\\Container->resolveDependencies(Array)
#12 C:\\xampp\\htdocs\\backend-2024\\backend-app\\vendor\\laravel\\framework\\src\\Illuminate\\Container\\Container.php(815): Illuminate\\Container\\Container->build('Illuminate\\\\Cook...')
#13 C:\\xampp\\htdocs\\backend-2024\\backend-app\\vendor\\laravel\\framework\\src\\Illuminate\\Foundation\\Application.php(1046): Illuminate\\Container\\Container->resolve('Illuminate\\\\Cook...', Array, true)
#14 C:\\xampp\\htdocs\\backend-2024\\backend-app\\vendor\\laravel\\framework\\src\\Illuminate\\Container\\Container.php(751): Illuminate\\Foundation\\Application->resolve('Illuminate\\\\Cook...', Array)
#15 C:\\xampp\\htdocs\\backend-2024\\backend-app\\vendor\\laravel\\framework\\src\\Illuminate\\Foundation\\Application.php(1028): Illuminate\\Container\\Container->make('Illuminate\\\\Cook...', Array)
#16 C:\\xampp\\htdocs\\backend-2024\\backend-app\\vendor\\laravel\\framework\\src\\Illuminate\\Foundation\\Http\\Kernel.php(258): Illuminate\\Foundation\\Application->make('Illuminate\\\\Cook...')
#17 C:\\xampp\\htdocs\\backend-2024\\backend-app\\vendor\\laravel\\framework\\src\\Illuminate\\Foundation\\Http\\Kernel.php(216): Illuminate\\Foundation\\Http\\Kernel->terminateMiddleware(Object(Illuminate\\Http\\Request), Object(Illuminate\\Http\\Response))
#18 C:\\xampp\\htdocs\\backend-2024\\backend-app\\vendor\\laravel\\framework\\src\\Illuminate\\Foundation\\Application.php(1190): Illuminate\\Foundation\\Http\\Kernel->terminate(Object(Illuminate\\Http\\Request), Object(Illuminate\\Http\\Response))
#19 C:\\xampp\\htdocs\\backend-2024\\backend-app\\public\\index.php(17): Illuminate\\Foundation\\Application->handleRequest(Object(Illuminate\\Http\\Request))
#20 {main}
"} 
[2024-10-23 07:09:33] production.ERROR: Database file at path [C:\xampp\htdocs\backend-2024\backend-app\database\database.sqlite] does not exist. Ensure this is an absolute path to the database. (Connection: sqlite, SQL: delete from "cache") {"exception":"[object] (Illuminate\\Database\\QueryException(code: 0): Database file at path [C:\\xampp\\htdocs\\backend-2024\\backend-app\\database\\database.sqlite] does not exist. Ensure this is an absolute path to the database. (Connection: sqlite, SQL: delete from \"cache\") at C:\\xampp\\htdocs\\backend-2024\\backend-app\\vendor\\laravel\\framework\\src\\Illuminate\\Database\\Connection.php:825)
[stacktrace]
#0 C:\\xampp\\htdocs\\backend-2024\\backend-app\\vendor\\laravel\\framework\\src\\Illuminate\\Database\\Connection.php(779): Illuminate\\Database\\Connection->runQueryCallback('delete from \"ca...', Array, Object(Closure))
#1 C:\\xampp\\htdocs\\backend-2024\\backend-app\\vendor\\laravel\\framework\\src\\Illuminate\\Database\\Connection.php(584): Illuminate\\Database\\Connection->run('delete from \"ca...', Array, Object(Closure))
#2 C:\\xampp\\htdocs\\backend-2024\\backend-app\\vendor\\laravel\\framework\\src\\Illuminate\\Database\\Connection.php(548): Illuminate\\Database\\Connection->affectingStatement('delete from \"ca...', Array)
#3 C:\\xampp\\htdocs\\backend-2024\\backend-app\\vendor\\laravel\\framework\\src\\Illuminate\\Database\\Query\\Builder.php(4061): Illuminate\\Database\\Connection->delete('delete from \"ca...', Array)
#4 C:\\xampp\\htdocs\\backend-2024\\backend-app\\vendor\\laravel\\framework\\src\\Illuminate\\Cache\\DatabaseStore.php(419): Illuminate\\Database\\Query\\Builder->delete()
#5 C:\\xampp\\htdocs\\backend-2024\\backend-app\\vendor\\laravel\\framework\\src\\Illuminate\\Cache\\Repository.php(789): Illuminate\\Cache\\DatabaseStore->flush()
#6 C:\\xampp\\htdocs\\backend-2024\\backend-app\\vendor\\laravel\\framework\\src\\Illuminate\\Cache\\Console\\ClearCommand.php(69): Illuminate\\Cache\\Repository->__call('flush', Array)
#7 C:\\xampp\\htdocs\\backend-2024\\backend-app\\vendor\\laravel\\framework\\src\\Illuminate\\Container\\BoundMethod.php(36): Illuminate\\Cache\\Console\\ClearCommand->handle()
#8 C:\\xampp\\htdocs\\backend-2024\\backend-app\\vendor\\laravel\\framework\\src\\Illuminate\\Container\\Util.php(43): Illuminate\\Container\\BoundMethod::Illuminate\\Container\\{closure}()
#9 C:\\xampp\\htdocs\\backend-2024\\backend-app\\vendor\\laravel\\framework\\src\\Illuminate\\Container\\BoundMethod.php(95): Illuminate\\Container\\Util::unwrapIfClosure(Object(Closure))
#10 C:\\xampp\\htdocs\\backend-2024\\backend-app\\vendor\\laravel\\framework\\src\\Illuminate\\Container\\BoundMethod.php(35): Illuminate\\Container\\BoundMethod::callBoundMethod(Object(Illuminate\\Foundation\\Application), Array, Object(Closure))
#11 C:\\xampp\\htdocs\\backend-2024\\backend-app\\vendor\\laravel\\framework\\src\\Illuminate\\Container\\Container.php(690): Illuminate\\Container\\BoundMethod::call(Object(Illuminate\\Foundation\\Application), Array, Array, NULL)
#12 C:\\xampp\\htdocs\\backend-2024\\backend-app\\vendor\\laravel\\framework\\src\\Illuminate\\Console\\Command.php(213): Illuminate\\Container\\Container->call(Array)
#13 C:\\xampp\\htdocs\\backend-2024\\backend-app\\vendor\\symfony\\console\\Command\\Command.php(279): Illuminate\\Console\\Command->execute(Object(Symfony\\Component\\Console\\Input\\ArgvInput), Object(Illuminate\\Console\\OutputStyle))
#14 C:\\xampp\\htdocs\\backend-2024\\backend-app\\vendor\\laravel\\framework\\src\\Illuminate\\Console\\Command.php(182): Symfony\\Component\\Console\\Command\\Command->run(Object(Symfony\\Component\\Console\\Input\\ArgvInput), Object(Illuminate\\Console\\OutputStyle))
#15 C:\\xampp\\htdocs\\backend-2024\\backend-app\\vendor\\symfony\\console\\Application.php(1047): Illuminate\\Console\\Command->run(Object(Symfony\\Component\\Console\\Input\\ArgvInput), Object(Symfony\\Component\\Console\\Output\\ConsoleOutput))
#16 C:\\xampp\\htdocs\\backend-2024\\backend-app\\vendor\\symfony\\console\\Application.php(316): Symfony\\Component\\Console\\Application->doRunCommand(Object(Illuminate\\Cache\\Console\\ClearCommand), Object(Symfony\\Component\\Console\\Input\\ArgvInput), Object(Symfony\\Component\\Console\\Output\\ConsoleOutput))
#17 C:\\xampp\\htdocs\\backend-2024\\backend-app\\vendor\\symfony\\console\\Application.php(167): Symfony\\Component\\Console\\Application->doRun(Object(Symfony\\Component\\Console\\Input\\ArgvInput), Object(Symfony\\Component\\Console\\Output\\ConsoleOutput))
#18 C:\\xampp\\htdocs\\backend-2024\\backend-app\\vendor\\laravel\\framework\\src\\Illuminate\\Foundation\\Console\\Kernel.php(197): Symfony\\Component\\Console\\Application->run(Object(Symfony\\Component\\Console\\Input\\ArgvInput), Object(Symfony\\Component\\Console\\Output\\ConsoleOutput))
#19 C:\\xampp\\htdocs\\backend-2024\\backend-app\\vendor\\laravel\\framework\\src\\Illuminate\\Foundation\\Application.php(1203): Illuminate\\Foundation\\Console\\Kernel->handle(Object(Symfony\\Component\\Console\\Input\\ArgvInput), Object(Symfony\\Component\\Console\\Output\\ConsoleOutput))
#20 C:\\xampp\\htdocs\\backend-2024\\backend-app\\artisan(13): Illuminate\\Foundation\\Application->handleCommand(Object(Symfony\\Component\\Console\\Input\\ArgvInput))
#21 {main}

[previous exception] [object] (Illuminate\\Database\\SQLiteDatabaseDoesNotExistException(code: 0): Database file at path [C:\\xampp\\htdocs\\backend-2024\\backend-app\\database\\database.sqlite] does not exist. Ensure this is an absolute path to the database. at C:\\xampp\\htdocs\\backend-2024\\backend-app\\vendor\\laravel\\framework\\src\\Illuminate\\Database\\Connectors\\SQLiteConnector.php:34)
[stacktrace]
#0 C:\\xampp\\htdocs\\backend-2024\\backend-app\\vendor\\laravel\\framework\\src\\Illuminate\\Database\\Connectors\\ConnectionFactory.php(224): Illuminate\\Database\\Connectors\\SQLiteConnector->connect(Array)
#1 [internal function]: Illuminate\\Database\\Connectors\\ConnectionFactory->Illuminate\\Database\\Connectors\\{closure}()
#2 C:\\xampp\\htdocs\\backend-2024\\backend-app\\vendor\\laravel\\framework\\src\\Illuminate\\Database\\Connection.php(1231): call_user_func(Object(Closure))
#3 C:\\xampp\\htdocs\\backend-2024\\backend-app\\vendor\\laravel\\framework\\src\\Illuminate\\Database\\Connection.php(592): Illuminate\\Database\\Connection->getPdo()
#4 C:\\xampp\\htdocs\\backend-2024\\backend-app\\vendor\\laravel\\framework\\src\\Illuminate\\Database\\Connection.php(812): Illuminate\\Database\\Connection->Illuminate\\Database\\{closure}('delete from \"ca...', Array)
#5 C:\\xampp\\htdocs\\backend-2024\\backend-app\\vendor\\laravel\\framework\\src\\Illuminate\\Database\\Connection.php(779): Illuminate\\Database\\Connection->runQueryCallback('delete from \"ca...', Array, Object(Closure))
#6 C:\\xampp\\htdocs\\backend-2024\\backend-app\\vendor\\laravel\\framework\\src\\Illuminate\\Database\\Connection.php(584): Illuminate\\Database\\Connection->run('delete from \"ca...', Array, Object(Closure))
#7 C:\\xampp\\htdocs\\backend-2024\\backend-app\\vendor\\laravel\\framework\\src\\Illuminate\\Database\\Connection.php(548): Illuminate\\Database\\Connection->affectingStatement('delete from \"ca...', Array)
#8 C:\\xampp\\htdocs\\backend-2024\\backend-app\\vendor\\laravel\\framework\\src\\Illuminate\\Database\\Query\\Builder.php(4061): Illuminate\\Database\\Connection->delete('delete from \"ca...', Array)
#9 C:\\xampp\\htdocs\\backend-2024\\backend-app\\vendor\\laravel\\framework\\src\\Illuminate\\Cache\\DatabaseStore.php(419): Illuminate\\Database\\Query\\Builder->delete()
#10 C:\\xampp\\htdocs\\backend-2024\\backend-app\\vendor\\laravel\\framework\\src\\Illuminate\\Cache\\Repository.php(789): Illuminate\\Cache\\DatabaseStore->flush()
#11 C:\\xampp\\htdocs\\backend-2024\\backend-app\\vendor\\laravel\\framework\\src\\Illuminate\\Cache\\Console\\ClearCommand.php(69): Illuminate\\Cache\\Repository->__call('flush', Array)
#12 C:\\xampp\\htdocs\\backend-2024\\backend-app\\vendor\\laravel\\framework\\src\\Illuminate\\Container\\BoundMethod.php(36): Illuminate\\Cache\\Console\\ClearCommand->handle()
#13 C:\\xampp\\htdocs\\backend-2024\\backend-app\\vendor\\laravel\\framework\\src\\Illuminate\\Container\\Util.php(43): Illuminate\\Container\\BoundMethod::Illuminate\\Container\\{closure}()
#14 C:\\xampp\\htdocs\\backend-2024\\backend-app\\vendor\\laravel\\framework\\src\\Illuminate\\Container\\BoundMethod.php(95): Illuminate\\Container\\Util::unwrapIfClosure(Object(Closure))
#15 C:\\xampp\\htdocs\\backend-2024\\backend-app\\vendor\\laravel\\framework\\src\\Illuminate\\Container\\BoundMethod.php(35): Illuminate\\Container\\BoundMethod::callBoundMethod(Object(Illuminate\\Foundation\\Application), Array, Object(Closure))
#16 C:\\xampp\\htdocs\\backend-2024\\backend-app\\vendor\\laravel\\framework\\src\\Illuminate\\Container\\Container.php(690): Illuminate\\Container\\BoundMethod::call(Object(Illuminate\\Foundation\\Application), Array, Array, NULL)
#17 C:\\xampp\\htdocs\\backend-2024\\backend-app\\vendor\\laravel\\framework\\src\\Illuminate\\Console\\Command.php(213): Illuminate\\Container\\Container->call(Array)
#18 C:\\xampp\\htdocs\\backend-2024\\backend-app\\vendor\\symfony\\console\\Command\\Command.php(279): Illuminate\\Console\\Command->execute(Object(Symfony\\Component\\Console\\Input\\ArgvInput), Object(Illuminate\\Console\\OutputStyle))
#19 C:\\xampp\\htdocs\\backend-2024\\backend-app\\vendor\\laravel\\framework\\src\\Illuminate\\Console\\Command.php(182): Symfony\\Component\\Console\\Command\\Command->run(Object(Symfony\\Component\\Console\\Input\\ArgvInput), Object(Illuminate\\Console\\OutputStyle))
#20 C:\\xampp\\htdocs\\backend-2024\\backend-app\\vendor\\symfony\\console\\Application.php(1047): Illuminate\\Console\\Command->run(Object(Symfony\\Component\\Console\\Input\\ArgvInput), Object(Symfony\\Component\\Console\\Output\\ConsoleOutput))
#21 C:\\xampp\\htdocs\\backend-2024\\backend-app\\vendor\\symfony\\console\\Application.php(316): Symfony\\Component\\Console\\Application->doRunCommand(Object(Illuminate\\Cache\\Console\\ClearCommand), Object(Symfony\\Component\\Console\\Input\\ArgvInput), Object(Symfony\\Component\\Console\\Output\\ConsoleOutput))
#22 C:\\xampp\\htdocs\\backend-2024\\backend-app\\vendor\\symfony\\console\\Application.php(167): Symfony\\Component\\Console\\Application->doRun(Object(Symfony\\Component\\Console\\Input\\ArgvInput), Object(Symfony\\Component\\Console\\Output\\ConsoleOutput))
#23 C:\\xampp\\htdocs\\backend-2024\\backend-app\\vendor\\laravel\\framework\\src\\Illuminate\\Foundation\\Console\\Kernel.php(197): Symfony\\Component\\Console\\Application->run(Object(Symfony\\Component\\Console\\Input\\ArgvInput), Object(Symfony\\Component\\Console\\Output\\ConsoleOutput))
#24 C:\\xampp\\htdocs\\backend-2024\\backend-app\\vendor\\laravel\\framework\\src\\Illuminate\\Foundation\\Application.php(1203): Illuminate\\Foundation\\Console\\Kernel->handle(Object(Symfony\\Component\\Console\\Input\\ArgvInput), Object(Symfony\\Component\\Console\\Output\\ConsoleOutput))
#25 C:\\xampp\\htdocs\\backend-2024\\backend-app\\artisan(13): Illuminate\\Foundation\\Application->handleCommand(Object(Symfony\\Component\\Console\\Input\\ArgvInput))
#26 {main}
"} 
[2024-10-23 07:10:30] production.ERROR: No application encryption key has been specified. {"exception":"[object] (Illuminate\\Encryption\\MissingAppKeyException(code: 0): No application encryption key has been specified. at C:\\xampp\\htdocs\\backend-2024\\backend-app\\vendor\\laravel\\framework\\src\\Illuminate\\Encryption\\EncryptionServiceProvider.php:83)
[stacktrace]
#0 C:\\xampp\\htdocs\\backend-2024\\backend-app\\vendor\\laravel\\framework\\src\\Illuminate\\Support\\helpers.php(380): Illuminate\\Encryption\\EncryptionServiceProvider->Illuminate\\Encryption\\{closure}(NULL)
#1 C:\\xampp\\htdocs\\backend-2024\\backend-app\\vendor\\laravel\\framework\\src\\Illuminate\\Encryption\\EncryptionServiceProvider.php(81): tap(NULL, Object(Closure))
#2 C:\\xampp\\htdocs\\backend-2024\\backend-app\\vendor\\laravel\\framework\\src\\Illuminate\\Encryption\\EncryptionServiceProvider.php(64): Illuminate\\Encryption\\EncryptionServiceProvider->key(Array)
#3 C:\\xampp\\htdocs\\backend-2024\\backend-app\\vendor\\laravel\\framework\\src\\Illuminate\\Encryption\\EncryptionServiceProvider.php(32): Illuminate\\Encryption\\EncryptionServiceProvider->parseKey(Array)
#4 C:\\xampp\\htdocs\\backend-2024\\backend-app\\vendor\\laravel\\framework\\src\\Illuminate\\Container\\Container.php(931): Illuminate\\Encryption\\EncryptionServiceProvider->Illuminate\\Encryption\\{closure}(Object(Illuminate\\Foundation\\Application), Array)
#5 C:\\xampp\\htdocs\\backend-2024\\backend-app\\vendor\\laravel\\framework\\src\\Illuminate\\Container\\Container.php(815): Illuminate\\Container\\Container->build(Object(Closure))
#6 C:\\xampp\\htdocs\\backend-2024\\backend-app\\vendor\\laravel\\framework\\src\\Illuminate\\Foundation\\Application.php(1046): Illuminate\\Container\\Container->resolve('encrypter', Array, true)
#7 C:\\xampp\\htdocs\\backend-2024\\backend-app\\vendor\\laravel\\framework\\src\\Illuminate\\Container\\Container.php(751): Illuminate\\Foundation\\Application->resolve('encrypter', Array)
#8 C:\\xampp\\htdocs\\backend-2024\\backend-app\\vendor\\laravel\\framework\\src\\Illuminate\\Foundation\\Application.php(1028): Illuminate\\Container\\Container->make('encrypter', Array)
#9 C:\\xampp\\htdocs\\backend-2024\\backend-app\\vendor\\laravel\\framework\\src\\Illuminate\\Container\\Container.php(1112): Illuminate\\Foundation\\Application->make('encrypter')
#10 C:\\xampp\\htdocs\\backend-2024\\backend-app\\vendor\\laravel\\framework\\src\\Illuminate\\Container\\Container.php(1022): Illuminate\\Container\\Container->resolveClass(Object(ReflectionParameter))
#11 C:\\xampp\\htdocs\\backend-2024\\backend-app\\vendor\\laravel\\framework\\src\\Illuminate\\Container\\Container.php(973): Illuminate\\Container\\Container->resolveDependencies(Array)
#12 C:\\xampp\\htdocs\\backend-2024\\backend-app\\vendor\\laravel\\framework\\src\\Illuminate\\Container\\Container.php(815): Illuminate\\Container\\Container->build('Illuminate\\\\Cook...')
#13 C:\\xampp\\htdocs\\backend-2024\\backend-app\\vendor\\laravel\\framework\\src\\Illuminate\\Foundation\\Application.php(1046): Illuminate\\Container\\Container->resolve('Illuminate\\\\Cook...', Array, true)
#14 C:\\xampp\\htdocs\\backend-2024\\backend-app\\vendor\\laravel\\framework\\src\\Illuminate\\Container\\Container.php(751): Illuminate\\Foundation\\Application->resolve('Illuminate\\\\Cook...', Array)
#15 C:\\xampp\\htdocs\\backend-2024\\backend-app\\vendor\\laravel\\framework\\src\\Illuminate\\Foundation\\Application.php(1028): Illuminate\\Container\\Container->make('Illuminate\\\\Cook...', Array)
#16 C:\\xampp\\htdocs\\backend-2024\\backend-app\\vendor\\laravel\\framework\\src\\Illuminate\\Pipeline\\Pipeline.php(172): Illuminate\\Foundation\\Application->make('Illuminate\\\\Cook...')
#17 C:\\xampp\\htdocs\\backend-2024\\backend-app\\vendor\\laravel\\framework\\src\\Illuminate\\Pipeline\\Pipeline.php(119): Illuminate\\Pipeline\\Pipeline->Illuminate\\Pipeline\\{closure}(Object(Illuminate\\Http\\Request))
#18 C:\\xampp\\htdocs\\backend-2024\\backend-app\\vendor\\laravel\\framework\\src\\Illuminate\\Routing\\Router.php(807): Illuminate\\Pipeline\\Pipeline->then(Object(Closure))
#19 C:\\xampp\\htdocs\\backend-2024\\backend-app\\vendor\\laravel\\framework\\src\\Illuminate\\Routing\\Router.php(786): Illuminate\\Routing\\Router->runRouteWithinStack(Object(Illuminate\\Routing\\Route), Object(Illuminate\\Http\\Request))
#20 C:\\xampp\\htdocs\\backend-2024\\backend-app\\vendor\\laravel\\framework\\src\\Illuminate\\Routing\\Router.php(750): Illuminate\\Routing\\Router->runRoute(Object(Illuminate\\Http\\Request), Object(Illuminate\\Routing\\Route))
#21 C:\\xampp\\htdocs\\backend-2024\\backend-app\\vendor\\laravel\\framework\\src\\Illuminate\\Routing\\Router.php(739): Illuminate\\Routing\\Router->dispatchToRoute(Object(Illuminate\\Http\\Request))
#22 C:\\xampp\\htdocs\\backend-2024\\backend-app\\vendor\\laravel\\framework\\src\\Illuminate\\Foundation\\Http\\Kernel.php(201): Illuminate\\Routing\\Router->dispatch(Object(Illuminate\\Http\\Request))
#23 C:\\xampp\\htdocs\\backend-2024\\backend-app\\vendor\\laravel\\framework\\src\\Illuminate\\Pipeline\\Pipeline.php(144): Illuminate\\Foundation\\Http\\Kernel->Illuminate\\Foundation\\Http\\{closure}(Object(Illuminate\\Http\\Request))
#24 C:\\xampp\\htdocs\\backend-2024\\backend-app\\vendor\\laravel\\framework\\src\\Illuminate\\Foundation\\Http\\Middleware\\TransformsRequest.php(21): Illuminate\\Pipeline\\Pipeline->Illuminate\\Pipeline\\{closure}(Object(Illuminate\\Http\\Request))
#25 C:\\xampp\\htdocs\\backend-2024\\backend-app\\vendor\\laravel\\framework\\src\\Illuminate\\Foundation\\Http\\Middleware\\ConvertEmptyStringsToNull.php(31): Illuminate\\Foundation\\Http\\Middleware\\TransformsRequest->handle(Object(Illuminate\\Http\\Request), Object(Closure))
#26 C:\\xampp\\htdocs\\backend-2024\\backend-app\\vendor\\laravel\\framework\\src\\Illuminate\\Pipeline\\Pipeline.php(183): Illuminate\\Foundation\\Http\\Middleware\\ConvertEmptyStringsToNull->handle(Object(Illuminate\\Http\\Request), Object(Closure))
#27 C:\\xampp\\htdocs\\backend-2024\\backend-app\\vendor\\laravel\\framework\\src\\Illuminate\\Foundation\\Http\\Middleware\\TransformsRequest.php(21): Illuminate\\Pipeline\\Pipeline->Illuminate\\Pipeline\\{closure}(Object(Illuminate\\Http\\Request))
#28 C:\\xampp\\htdocs\\backend-2024\\backend-app\\vendor\\laravel\\framework\\src\\Illuminate\\Foundation\\Http\\Middleware\\TrimStrings.php(51): Illuminate\\Foundation\\Http\\Middleware\\TransformsRequest->handle(Object(Illuminate\\Http\\Request), Object(Closure))
#29 C:\\xampp\\htdocs\\backend-2024\\backend-app\\vendor\\laravel\\framework\\src\\Illuminate\\Pipeline\\Pipeline.php(183): Illuminate\\Foundation\\Http\\Middleware\\TrimStrings->handle(Object(Illuminate\\Http\\Request), Object(Closure))
#30 C:\\xampp\\htdocs\\backend-2024\\backend-app\\vendor\\laravel\\framework\\src\\Illuminate\\Http\\Middleware\\ValidatePostSize.php(27): Illuminate\\Pipeline\\Pipeline->Illuminate\\Pipeline\\{closure}(Object(Illuminate\\Http\\Request))
#31 C:\\xampp\\htdocs\\backend-2024\\backend-app\\vendor\\laravel\\framework\\src\\Illuminate\\Pipeline\\Pipeline.php(183): Illuminate\\Http\\Middleware\\ValidatePostSize->handle(Object(Illuminate\\Http\\Request), Object(Closure))
#32 C:\\xampp\\htdocs\\backend-2024\\backend-app\\vendor\\laravel\\framework\\src\\Illuminate\\Foundation\\Http\\Middleware\\PreventRequestsDuringMaintenance.php(110): Illuminate\\Pipeline\\Pipeline->Illuminate\\Pipeline\\{closure}(Object(Illuminate\\Http\\Request))
#33 C:\\xampp\\htdocs\\backend-2024\\backend-app\\vendor\\laravel\\framework\\src\\Illuminate\\Pipeline\\Pipeline.php(183): Illuminate\\Foundation\\Http\\Middleware\\PreventRequestsDuringMaintenance->handle(Object(Illuminate\\Http\\Request), Object(Closure))
#34 C:\\xampp\\htdocs\\backend-2024\\backend-app\\vendor\\laravel\\framework\\src\\Illuminate\\Http\\Middleware\\HandleCors.php(49): Illuminate\\Pipeline\\Pipeline->Illuminate\\Pipeline\\{closure}(Object(Illuminate\\Http\\Request))
#35 C:\\xampp\\htdocs\\backend-2024\\backend-app\\vendor\\laravel\\framework\\src\\Illuminate\\Pipeline\\Pipeline.php(183): Illuminate\\Http\\Middleware\\HandleCors->handle(Object(Illuminate\\Http\\Request), Object(Closure))
#36 C:\\xampp\\htdocs\\backend-2024\\backend-app\\vendor\\laravel\\framework\\src\\Illuminate\\Http\\Middleware\\TrustProxies.php(58): Illuminate\\Pipeline\\Pipeline->Illuminate\\Pipeline\\{closure}(Object(Illuminate\\Http\\Request))
#37 C:\\xampp\\htdocs\\backend-2024\\backend-app\\vendor\\laravel\\framework\\src\\Illuminate\\Pipeline\\Pipeline.php(183): Illuminate\\Http\\Middleware\\TrustProxies->handle(Object(Illuminate\\Http\\Request), Object(Closure))
#38 C:\\xampp\\htdocs\\backend-2024\\backend-app\\vendor\\laravel\\framework\\src\\Illuminate\\Foundation\\Http\\Middleware\\InvokeDeferredCallbacks.php(22): Illuminate\\Pipeline\\Pipeline->Illuminate\\Pipeline\\{closure}(Object(Illuminate\\Http\\Request))
#39 C:\\xampp\\htdocs\\backend-2024\\backend-app\\vendor\\laravel\\framework\\src\\Illuminate\\Pipeline\\Pipeline.php(183): Illuminate\\Foundation\\Http\\Middleware\\InvokeDeferredCallbacks->handle(Object(Illuminate\\Http\\Request), Object(Closure))
#40 C:\\xampp\\htdocs\\backend-2024\\backend-app\\vendor\\laravel\\framework\\src\\Illuminate\\Pipeline\\Pipeline.php(119): Illuminate\\Pipeline\\Pipeline->Illuminate\\Pipeline\\{closure}(Object(Illuminate\\Http\\Request))
#41 C:\\xampp\\htdocs\\backend-2024\\backend-app\\vendor\\laravel\\framework\\src\\Illuminate\\Foundation\\Http\\Kernel.php(176): Illuminate\\Pipeline\\Pipeline->then(Object(Closure))
#42 C:\\xampp\\htdocs\\backend-2024\\backend-app\\vendor\\laravel\\framework\\src\\Illuminate\\Foundation\\Http\\Kernel.php(145): Illuminate\\Foundation\\Http\\Kernel->sendRequestThroughRouter(Object(Illuminate\\Http\\Request))
#43 C:\\xampp\\htdocs\\backend-2024\\backend-app\\vendor\\laravel\\framework\\src\\Illuminate\\Foundation\\Application.php(1188): Illuminate\\Foundation\\Http\\Kernel->handle(Object(Illuminate\\Http\\Request))
#44 C:\\xampp\\htdocs\\backend-2024\\backend-app\\public\\index.php(17): Illuminate\\Foundation\\Application->handleRequest(Object(Illuminate\\Http\\Request))
#45 {main}
"} 
[2024-10-23 07:10:30] production.ERROR: No application encryption key has been specified. {"exception":"[object] (Illuminate\\Encryption\\MissingAppKeyException(code: 0): No application encryption key has been specified. at C:\\xampp\\htdocs\\backend-2024\\backend-app\\vendor\\laravel\\framework\\src\\Illuminate\\Encryption\\EncryptionServiceProvider.php:83)
[stacktrace]
#0 C:\\xampp\\htdocs\\backend-2024\\backend-app\\vendor\\laravel\\framework\\src\\Illuminate\\Support\\helpers.php(380): Illuminate\\Encryption\\EncryptionServiceProvider->Illuminate\\Encryption\\{closure}(NULL)
#1 C:\\xampp\\htdocs\\backend-2024\\backend-app\\vendor\\laravel\\framework\\src\\Illuminate\\Encryption\\EncryptionServiceProvider.php(81): tap(NULL, Object(Closure))
#2 C:\\xampp\\htdocs\\backend-2024\\backend-app\\vendor\\laravel\\framework\\src\\Illuminate\\Encryption\\EncryptionServiceProvider.php(64): Illuminate\\Encryption\\EncryptionServiceProvider->key(Array)
#3 C:\\xampp\\htdocs\\backend-2024\\backend-app\\vendor\\laravel\\framework\\src\\Illuminate\\Encryption\\EncryptionServiceProvider.php(32): Illuminate\\Encryption\\EncryptionServiceProvider->parseKey(Array)
#4 C:\\xampp\\htdocs\\backend-2024\\backend-app\\vendor\\laravel\\framework\\src\\Illuminate\\Container\\Container.php(931): Illuminate\\Encryption\\EncryptionServiceProvider->Illuminate\\Encryption\\{closure}(Object(Illuminate\\Foundation\\Application), Array)
#5 C:\\xampp\\htdocs\\backend-2024\\backend-app\\vendor\\laravel\\framework\\src\\Illuminate\\Container\\Container.php(815): Illuminate\\Container\\Container->build(Object(Closure))
#6 C:\\xampp\\htdocs\\backend-2024\\backend-app\\vendor\\laravel\\framework\\src\\Illuminate\\Foundation\\Application.php(1046): Illuminate\\Container\\Container->resolve('encrypter', Array, true)
#7 C:\\xampp\\htdocs\\backend-2024\\backend-app\\vendor\\laravel\\framework\\src\\Illuminate\\Container\\Container.php(751): Illuminate\\Foundation\\Application->resolve('encrypter', Array)
#8 C:\\xampp\\htdocs\\backend-2024\\backend-app\\vendor\\laravel\\framework\\src\\Illuminate\\Foundation\\Application.php(1028): Illuminate\\Container\\Container->make('encrypter', Array)
#9 C:\\xampp\\htdocs\\backend-2024\\backend-app\\vendor\\laravel\\framework\\src\\Illuminate\\Container\\Container.php(1112): Illuminate\\Foundation\\Application->make('encrypter')
#10 C:\\xampp\\htdocs\\backend-2024\\backend-app\\vendor\\laravel\\framework\\src\\Illuminate\\Container\\Container.php(1022): Illuminate\\Container\\Container->resolveClass(Object(ReflectionParameter))
#11 C:\\xampp\\htdocs\\backend-2024\\backend-app\\vendor\\laravel\\framework\\src\\Illuminate\\Container\\Container.php(973): Illuminate\\Container\\Container->resolveDependencies(Array)
#12 C:\\xampp\\htdocs\\backend-2024\\backend-app\\vendor\\laravel\\framework\\src\\Illuminate\\Container\\Container.php(815): Illuminate\\Container\\Container->build('Illuminate\\\\Cook...')
#13 C:\\xampp\\htdocs\\backend-2024\\backend-app\\vendor\\laravel\\framework\\src\\Illuminate\\Foundation\\Application.php(1046): Illuminate\\Container\\Container->resolve('Illuminate\\\\Cook...', Array, true)
#14 C:\\xampp\\htdocs\\backend-2024\\backend-app\\vendor\\laravel\\framework\\src\\Illuminate\\Container\\Container.php(751): Illuminate\\Foundation\\Application->resolve('Illuminate\\\\Cook...', Array)
#15 C:\\xampp\\htdocs\\backend-2024\\backend-app\\vendor\\laravel\\framework\\src\\Illuminate\\Foundation\\Application.php(1028): Illuminate\\Container\\Container->make('Illuminate\\\\Cook...', Array)
#16 C:\\xampp\\htdocs\\backend-2024\\backend-app\\vendor\\laravel\\framework\\src\\Illuminate\\Foundation\\Http\\Kernel.php(258): Illuminate\\Foundation\\Application->make('Illuminate\\\\Cook...')
#17 C:\\xampp\\htdocs\\backend-2024\\backend-app\\vendor\\laravel\\framework\\src\\Illuminate\\Foundation\\Http\\Kernel.php(216): Illuminate\\Foundation\\Http\\Kernel->terminateMiddleware(Object(Illuminate\\Http\\Request), Object(Illuminate\\Http\\Response))
#18 C:\\xampp\\htdocs\\backend-2024\\backend-app\\vendor\\laravel\\framework\\src\\Illuminate\\Foundation\\Application.php(1190): Illuminate\\Foundation\\Http\\Kernel->terminate(Object(Illuminate\\Http\\Request), Object(Illuminate\\Http\\Response))
#19 C:\\xampp\\htdocs\\backend-2024\\backend-app\\public\\index.php(17): Illuminate\\Foundation\\Application->handleRequest(Object(Illuminate\\Http\\Request))
#20 {main}
"} 
[2024-10-23 07:10:48] production.ERROR: No application encryption key has been specified. {"exception":"[object] (Illuminate\\Encryption\\MissingAppKeyException(code: 0): No application encryption key has been specified. at C:\\xampp\\htdocs\\backend-2024\\backend-app\\vendor\\laravel\\framework\\src\\Illuminate\\Encryption\\EncryptionServiceProvider.php:83)
[stacktrace]
#0 C:\\xampp\\htdocs\\backend-2024\\backend-app\\vendor\\laravel\\framework\\src\\Illuminate\\Support\\helpers.php(380): Illuminate\\Encryption\\EncryptionServiceProvider->Illuminate\\Encryption\\{closure}(NULL)
#1 C:\\xampp\\htdocs\\backend-2024\\backend-app\\vendor\\laravel\\framework\\src\\Illuminate\\Encryption\\EncryptionServiceProvider.php(81): tap(NULL, Object(Closure))
#2 C:\\xampp\\htdocs\\backend-2024\\backend-app\\vendor\\laravel\\framework\\src\\Illuminate\\Encryption\\EncryptionServiceProvider.php(64): Illuminate\\Encryption\\EncryptionServiceProvider->key(Array)
#3 C:\\xampp\\htdocs\\backend-2024\\backend-app\\vendor\\laravel\\framework\\src\\Illuminate\\Encryption\\EncryptionServiceProvider.php(32): Illuminate\\Encryption\\EncryptionServiceProvider->parseKey(Array)
#4 C:\\xampp\\htdocs\\backend-2024\\backend-app\\vendor\\laravel\\framework\\src\\Illuminate\\Container\\Container.php(931): Illuminate\\Encryption\\EncryptionServiceProvider->Illuminate\\Encryption\\{closure}(Object(Illuminate\\Foundation\\Application), Array)
#5 C:\\xampp\\htdocs\\backend-2024\\backend-app\\vendor\\laravel\\framework\\src\\Illuminate\\Container\\Container.php(815): Illuminate\\Container\\Container->build(Object(Closure))
#6 C:\\xampp\\htdocs\\backend-2024\\backend-app\\vendor\\laravel\\framework\\src\\Illuminate\\Foundation\\Application.php(1046): Illuminate\\Container\\Container->resolve('encrypter', Array, true)
#7 C:\\xampp\\htdocs\\backend-2024\\backend-app\\vendor\\laravel\\framework\\src\\Illuminate\\Container\\Container.php(751): Illuminate\\Foundation\\Application->resolve('encrypter', Array)
#8 C:\\xampp\\htdocs\\backend-2024\\backend-app\\vendor\\laravel\\framework\\src\\Illuminate\\Foundation\\Application.php(1028): Illuminate\\Container\\Container->make('encrypter', Array)
#9 C:\\xampp\\htdocs\\backend-2024\\backend-app\\vendor\\laravel\\framework\\src\\Illuminate\\Container\\Container.php(1112): Illuminate\\Foundation\\Application->make('encrypter')
#10 C:\\xampp\\htdocs\\backend-2024\\backend-app\\vendor\\laravel\\framework\\src\\Illuminate\\Container\\Container.php(1022): Illuminate\\Container\\Container->resolveClass(Object(ReflectionParameter))
#11 C:\\xampp\\htdocs\\backend-2024\\backend-app\\vendor\\laravel\\framework\\src\\Illuminate\\Container\\Container.php(973): Illuminate\\Container\\Container->resolveDependencies(Array)
#12 C:\\xampp\\htdocs\\backend-2024\\backend-app\\vendor\\laravel\\framework\\src\\Illuminate\\Container\\Container.php(815): Illuminate\\Container\\Container->build('Illuminate\\\\Cook...')
#13 C:\\xampp\\htdocs\\backend-2024\\backend-app\\vendor\\laravel\\framework\\src\\Illuminate\\Foundation\\Application.php(1046): Illuminate\\Container\\Container->resolve('Illuminate\\\\Cook...', Array, true)
#14 C:\\xampp\\htdocs\\backend-2024\\backend-app\\vendor\\laravel\\framework\\src\\Illuminate\\Container\\Container.php(751): Illuminate\\Foundation\\Application->resolve('Illuminate\\\\Cook...', Array)
#15 C:\\xampp\\htdocs\\backend-2024\\backend-app\\vendor\\laravel\\framework\\src\\Illuminate\\Foundation\\Application.php(1028): Illuminate\\Container\\Container->make('Illuminate\\\\Cook...', Array)
#16 C:\\xampp\\htdocs\\backend-2024\\backend-app\\vendor\\laravel\\framework\\src\\Illuminate\\Pipeline\\Pipeline.php(172): Illuminate\\Foundation\\Application->make('Illuminate\\\\Cook...')
#17 C:\\xampp\\htdocs\\backend-2024\\backend-app\\vendor\\laravel\\framework\\src\\Illuminate\\Pipeline\\Pipeline.php(119): Illuminate\\Pipeline\\Pipeline->Illuminate\\Pipeline\\{closure}(Object(Illuminate\\Http\\Request))
#18 C:\\xampp\\htdocs\\backend-2024\\backend-app\\vendor\\laravel\\framework\\src\\Illuminate\\Routing\\Router.php(807): Illuminate\\Pipeline\\Pipeline->then(Object(Closure))
#19 C:\\xampp\\htdocs\\backend-2024\\backend-app\\vendor\\laravel\\framework\\src\\Illuminate\\Routing\\Router.php(786): Illuminate\\Routing\\Router->runRouteWithinStack(Object(Illuminate\\Routing\\Route), Object(Illuminate\\Http\\Request))
#20 C:\\xampp\\htdocs\\backend-2024\\backend-app\\vendor\\laravel\\framework\\src\\Illuminate\\Routing\\Router.php(750): Illuminate\\Routing\\Router->runRoute(Object(Illuminate\\Http\\Request), Object(Illuminate\\Routing\\Route))
#21 C:\\xampp\\htdocs\\backend-2024\\backend-app\\vendor\\laravel\\framework\\src\\Illuminate\\Routing\\Router.php(739): Illuminate\\Routing\\Router->dispatchToRoute(Object(Illuminate\\Http\\Request))
#22 C:\\xampp\\htdocs\\backend-2024\\backend-app\\vendor\\laravel\\framework\\src\\Illuminate\\Foundation\\Http\\Kernel.php(201): Illuminate\\Routing\\Router->dispatch(Object(Illuminate\\Http\\Request))
#23 C:\\xampp\\htdocs\\backend-2024\\backend-app\\vendor\\laravel\\framework\\src\\Illuminate\\Pipeline\\Pipeline.php(144): Illuminate\\Foundation\\Http\\Kernel->Illuminate\\Foundation\\Http\\{closure}(Object(Illuminate\\Http\\Request))
#24 C:\\xampp\\htdocs\\backend-2024\\backend-app\\vendor\\laravel\\framework\\src\\Illuminate\\Foundation\\Http\\Middleware\\TransformsRequest.php(21): Illuminate\\Pipeline\\Pipeline->Illuminate\\Pipeline\\{closure}(Object(Illuminate\\Http\\Request))
#25 C:\\xampp\\htdocs\\backend-2024\\backend-app\\vendor\\laravel\\framework\\src\\Illuminate\\Foundation\\Http\\Middleware\\ConvertEmptyStringsToNull.php(31): Illuminate\\Foundation\\Http\\Middleware\\TransformsRequest->handle(Object(Illuminate\\Http\\Request), Object(Closure))
#26 C:\\xampp\\htdocs\\backend-2024\\backend-app\\vendor\\laravel\\framework\\src\\Illuminate\\Pipeline\\Pipeline.php(183): Illuminate\\Foundation\\Http\\Middleware\\ConvertEmptyStringsToNull->handle(Object(Illuminate\\Http\\Request), Object(Closure))
#27 C:\\xampp\\htdocs\\backend-2024\\backend-app\\vendor\\laravel\\framework\\src\\Illuminate\\Foundation\\Http\\Middleware\\TransformsRequest.php(21): Illuminate\\Pipeline\\Pipeline->Illuminate\\Pipeline\\{closure}(Object(Illuminate\\Http\\Request))
#28 C:\\xampp\\htdocs\\backend-2024\\backend-app\\vendor\\laravel\\framework\\src\\Illuminate\\Foundation\\Http\\Middleware\\TrimStrings.php(51): Illuminate\\Foundation\\Http\\Middleware\\TransformsRequest->handle(Object(Illuminate\\Http\\Request), Object(Closure))
#29 C:\\xampp\\htdocs\\backend-2024\\backend-app\\vendor\\laravel\\framework\\src\\Illuminate\\Pipeline\\Pipeline.php(183): Illuminate\\Foundation\\Http\\Middleware\\TrimStrings->handle(Object(Illuminate\\Http\\Request), Object(Closure))
#30 C:\\xampp\\htdocs\\backend-2024\\backend-app\\vendor\\laravel\\framework\\src\\Illuminate\\Http\\Middleware\\ValidatePostSize.php(27): Illuminate\\Pipeline\\Pipeline->Illuminate\\Pipeline\\{closure}(Object(Illuminate\\Http\\Request))
#31 C:\\xampp\\htdocs\\backend-2024\\backend-app\\vendor\\laravel\\framework\\src\\Illuminate\\Pipeline\\Pipeline.php(183): Illuminate\\Http\\Middleware\\ValidatePostSize->handle(Object(Illuminate\\Http\\Request), Object(Closure))
#32 C:\\xampp\\htdocs\\backend-2024\\backend-app\\vendor\\laravel\\framework\\src\\Illuminate\\Foundation\\Http\\Middleware\\PreventRequestsDuringMaintenance.php(110): Illuminate\\Pipeline\\Pipeline->Illuminate\\Pipeline\\{closure}(Object(Illuminate\\Http\\Request))
#33 C:\\xampp\\htdocs\\backend-2024\\backend-app\\vendor\\laravel\\framework\\src\\Illuminate\\Pipeline\\Pipeline.php(183): Illuminate\\Foundation\\Http\\Middleware\\PreventRequestsDuringMaintenance->handle(Object(Illuminate\\Http\\Request), Object(Closure))
#34 C:\\xampp\\htdocs\\backend-2024\\backend-app\\vendor\\laravel\\framework\\src\\Illuminate\\Http\\Middleware\\HandleCors.php(49): Illuminate\\Pipeline\\Pipeline->Illuminate\\Pipeline\\{closure}(Object(Illuminate\\Http\\Request))
#35 C:\\xampp\\htdocs\\backend-2024\\backend-app\\vendor\\laravel\\framework\\src\\Illuminate\\Pipeline\\Pipeline.php(183): Illuminate\\Http\\Middleware\\HandleCors->handle(Object(Illuminate\\Http\\Request), Object(Closure))
#36 C:\\xampp\\htdocs\\backend-2024\\backend-app\\vendor\\laravel\\framework\\src\\Illuminate\\Http\\Middleware\\TrustProxies.php(58): Illuminate\\Pipeline\\Pipeline->Illuminate\\Pipeline\\{closure}(Object(Illuminate\\Http\\Request))
#37 C:\\xampp\\htdocs\\backend-2024\\backend-app\\vendor\\laravel\\framework\\src\\Illuminate\\Pipeline\\Pipeline.php(183): Illuminate\\Http\\Middleware\\TrustProxies->handle(Object(Illuminate\\Http\\Request), Object(Closure))
#38 C:\\xampp\\htdocs\\backend-2024\\backend-app\\vendor\\laravel\\framework\\src\\Illuminate\\Foundation\\Http\\Middleware\\InvokeDeferredCallbacks.php(22): Illuminate\\Pipeline\\Pipeline->Illuminate\\Pipeline\\{closure}(Object(Illuminate\\Http\\Request))
#39 C:\\xampp\\htdocs\\backend-2024\\backend-app\\vendor\\laravel\\framework\\src\\Illuminate\\Pipeline\\Pipeline.php(183): Illuminate\\Foundation\\Http\\Middleware\\InvokeDeferredCallbacks->handle(Object(Illuminate\\Http\\Request), Object(Closure))
#40 C:\\xampp\\htdocs\\backend-2024\\backend-app\\vendor\\laravel\\framework\\src\\Illuminate\\Pipeline\\Pipeline.php(119): Illuminate\\Pipeline\\Pipeline->Illuminate\\Pipeline\\{closure}(Object(Illuminate\\Http\\Request))
#41 C:\\xampp\\htdocs\\backend-2024\\backend-app\\vendor\\laravel\\framework\\src\\Illuminate\\Foundation\\Http\\Kernel.php(176): Illuminate\\Pipeline\\Pipeline->then(Object(Closure))
#42 C:\\xampp\\htdocs\\backend-2024\\backend-app\\vendor\\laravel\\framework\\src\\Illuminate\\Foundation\\Http\\Kernel.php(145): Illuminate\\Foundation\\Http\\Kernel->sendRequestThroughRouter(Object(Illuminate\\Http\\Request))
#43 C:\\xampp\\htdocs\\backend-2024\\backend-app\\vendor\\laravel\\framework\\src\\Illuminate\\Foundation\\Application.php(1188): Illuminate\\Foundation\\Http\\Kernel->handle(Object(Illuminate\\Http\\Request))
#44 C:\\xampp\\htdocs\\backend-2024\\backend-app\\public\\index.php(17): Illuminate\\Foundation\\Application->handleRequest(Object(Illuminate\\Http\\Request))
#45 C:\\xampp\\htdocs\\backend-2024\\backend-app\\vendor\\laravel\\framework\\src\\Illuminate\\Foundation\\resources\\server.php(23): require_once('C:\\\\xampp\\\\htdocs...')
#46 {main}
"} 
[2024-10-23 07:10:48] production.ERROR: No application encryption key has been specified. {"exception":"[object] (Illuminate\\Encryption\\MissingAppKeyException(code: 0): No application encryption key has been specified. at C:\\xampp\\htdocs\\backend-2024\\backend-app\\vendor\\laravel\\framework\\src\\Illuminate\\Encryption\\EncryptionServiceProvider.php:83)
[stacktrace]
#0 C:\\xampp\\htdocs\\backend-2024\\backend-app\\vendor\\laravel\\framework\\src\\Illuminate\\Support\\helpers.php(380): Illuminate\\Encryption\\EncryptionServiceProvider->Illuminate\\Encryption\\{closure}(NULL)
#1 C:\\xampp\\htdocs\\backend-2024\\backend-app\\vendor\\laravel\\framework\\src\\Illuminate\\Encryption\\EncryptionServiceProvider.php(81): tap(NULL, Object(Closure))
#2 C:\\xampp\\htdocs\\backend-2024\\backend-app\\vendor\\laravel\\framework\\src\\Illuminate\\Encryption\\EncryptionServiceProvider.php(64): Illuminate\\Encryption\\EncryptionServiceProvider->key(Array)
#3 C:\\xampp\\htdocs\\backend-2024\\backend-app\\vendor\\laravel\\framework\\src\\Illuminate\\Encryption\\EncryptionServiceProvider.php(32): Illuminate\\Encryption\\EncryptionServiceProvider->parseKey(Array)
#4 C:\\xampp\\htdocs\\backend-2024\\backend-app\\vendor\\laravel\\framework\\src\\Illuminate\\Container\\Container.php(931): Illuminate\\Encryption\\EncryptionServiceProvider->Illuminate\\Encryption\\{closure}(Object(Illuminate\\Foundation\\Application), Array)
#5 C:\\xampp\\htdocs\\backend-2024\\backend-app\\vendor\\laravel\\framework\\src\\Illuminate\\Container\\Container.php(815): Illuminate\\Container\\Container->build(Object(Closure))
#6 C:\\xampp\\htdocs\\backend-2024\\backend-app\\vendor\\laravel\\framework\\src\\Illuminate\\Foundation\\Application.php(1046): Illuminate\\Container\\Container->resolve('encrypter', Array, true)
#7 C:\\xampp\\htdocs\\backend-2024\\backend-app\\vendor\\laravel\\framework\\src\\Illuminate\\Container\\Container.php(751): Illuminate\\Foundation\\Application->resolve('encrypter', Array)
#8 C:\\xampp\\htdocs\\backend-2024\\backend-app\\vendor\\laravel\\framework\\src\\Illuminate\\Foundation\\Application.php(1028): Illuminate\\Container\\Container->make('encrypter', Array)
#9 C:\\xampp\\htdocs\\backend-2024\\backend-app\\vendor\\laravel\\framework\\src\\Illuminate\\Container\\Container.php(1112): Illuminate\\Foundation\\Application->make('encrypter')
#10 C:\\xampp\\htdocs\\backend-2024\\backend-app\\vendor\\laravel\\framework\\src\\Illuminate\\Container\\Container.php(1022): Illuminate\\Container\\Container->resolveClass(Object(ReflectionParameter))
#11 C:\\xampp\\htdocs\\backend-2024\\backend-app\\vendor\\laravel\\framework\\src\\Illuminate\\Container\\Container.php(973): Illuminate\\Container\\Container->resolveDependencies(Array)
#12 C:\\xampp\\htdocs\\backend-2024\\backend-app\\vendor\\laravel\\framework\\src\\Illuminate\\Container\\Container.php(815): Illuminate\\Container\\Container->build('Illuminate\\\\Cook...')
#13 C:\\xampp\\htdocs\\backend-2024\\backend-app\\vendor\\laravel\\framework\\src\\Illuminate\\Foundation\\Application.php(1046): Illuminate\\Container\\Container->resolve('Illuminate\\\\Cook...', Array, true)
#14 C:\\xampp\\htdocs\\backend-2024\\backend-app\\vendor\\laravel\\framework\\src\\Illuminate\\Container\\Container.php(751): Illuminate\\Foundation\\Application->resolve('Illuminate\\\\Cook...', Array)
#15 C:\\xampp\\htdocs\\backend-2024\\backend-app\\vendor\\laravel\\framework\\src\\Illuminate\\Foundation\\Application.php(1028): Illuminate\\Container\\Container->make('Illuminate\\\\Cook...', Array)
#16 C:\\xampp\\htdocs\\backend-2024\\backend-app\\vendor\\laravel\\framework\\src\\Illuminate\\Foundation\\Http\\Kernel.php(258): Illuminate\\Foundation\\Application->make('Illuminate\\\\Cook...')
#17 C:\\xampp\\htdocs\\backend-2024\\backend-app\\vendor\\laravel\\framework\\src\\Illuminate\\Foundation\\Http\\Kernel.php(216): Illuminate\\Foundation\\Http\\Kernel->terminateMiddleware(Object(Illuminate\\Http\\Request), Object(Illuminate\\Http\\Response))
#18 C:\\xampp\\htdocs\\backend-2024\\backend-app\\vendor\\laravel\\framework\\src\\Illuminate\\Foundation\\Application.php(1190): Illuminate\\Foundation\\Http\\Kernel->terminate(Object(Illuminate\\Http\\Request), Object(Illuminate\\Http\\Response))
#19 C:\\xampp\\htdocs\\backend-2024\\backend-app\\public\\index.php(17): Illuminate\\Foundation\\Application->handleRequest(Object(Illuminate\\Http\\Request))
#20 C:\\xampp\\htdocs\\backend-2024\\backend-app\\vendor\\laravel\\framework\\src\\Illuminate\\Foundation\\resources\\server.php(23): require_once('C:\\\\xampp\\\\htdocs...')
#21 {main}
"} 
[2024-10-23 07:12:33] production.ERROR: No application encryption key has been specified. {"exception":"[object] (Illuminate\\Encryption\\MissingAppKeyException(code: 0): No application encryption key has been specified. at C:\\xampp\\htdocs\\backend-2024\\backend-app\\vendor\\laravel\\framework\\src\\Illuminate\\Encryption\\EncryptionServiceProvider.php:83)
[stacktrace]
#0 C:\\xampp\\htdocs\\backend-2024\\backend-app\\vendor\\laravel\\framework\\src\\Illuminate\\Support\\helpers.php(380): Illuminate\\Encryption\\EncryptionServiceProvider->Illuminate\\Encryption\\{closure}(NULL)
#1 C:\\xampp\\htdocs\\backend-2024\\backend-app\\vendor\\laravel\\framework\\src\\Illuminate\\Encryption\\EncryptionServiceProvider.php(81): tap(NULL, Object(Closure))
#2 C:\\xampp\\htdocs\\backend-2024\\backend-app\\vendor\\laravel\\framework\\src\\Illuminate\\Encryption\\EncryptionServiceProvider.php(64): Illuminate\\Encryption\\EncryptionServiceProvider->key(Array)
#3 C:\\xampp\\htdocs\\backend-2024\\backend-app\\vendor\\laravel\\framework\\src\\Illuminate\\Encryption\\EncryptionServiceProvider.php(32): Illuminate\\Encryption\\EncryptionServiceProvider->parseKey(Array)
#4 C:\\xampp\\htdocs\\backend-2024\\backend-app\\vendor\\laravel\\framework\\src\\Illuminate\\Container\\Container.php(931): Illuminate\\Encryption\\EncryptionServiceProvider->Illuminate\\Encryption\\{closure}(Object(Illuminate\\Foundation\\Application), Array)
#5 C:\\xampp\\htdocs\\backend-2024\\backend-app\\vendor\\laravel\\framework\\src\\Illuminate\\Container\\Container.php(815): Illuminate\\Container\\Container->build(Object(Closure))
#6 C:\\xampp\\htdocs\\backend-2024\\backend-app\\vendor\\laravel\\framework\\src\\Illuminate\\Foundation\\Application.php(1046): Illuminate\\Container\\Container->resolve('encrypter', Array, true)
#7 C:\\xampp\\htdocs\\backend-2024\\backend-app\\vendor\\laravel\\framework\\src\\Illuminate\\Container\\Container.php(751): Illuminate\\Foundation\\Application->resolve('encrypter', Array)
#8 C:\\xampp\\htdocs\\backend-2024\\backend-app\\vendor\\laravel\\framework\\src\\Illuminate\\Foundation\\Application.php(1028): Illuminate\\Container\\Container->make('encrypter', Array)
#9 C:\\xampp\\htdocs\\backend-2024\\backend-app\\vendor\\laravel\\framework\\src\\Illuminate\\Container\\Container.php(1112): Illuminate\\Foundation\\Application->make('encrypter')
#10 C:\\xampp\\htdocs\\backend-2024\\backend-app\\vendor\\laravel\\framework\\src\\Illuminate\\Container\\Container.php(1022): Illuminate\\Container\\Container->resolveClass(Object(ReflectionParameter))
#11 C:\\xampp\\htdocs\\backend-2024\\backend-app\\vendor\\laravel\\framework\\src\\Illuminate\\Container\\Container.php(973): Illuminate\\Container\\Container->resolveDependencies(Array)
#12 C:\\xampp\\htdocs\\backend-2024\\backend-app\\vendor\\laravel\\framework\\src\\Illuminate\\Container\\Container.php(815): Illuminate\\Container\\Container->build('Illuminate\\\\Cook...')
#13 C:\\xampp\\htdocs\\backend-2024\\backend-app\\vendor\\laravel\\framework\\src\\Illuminate\\Foundation\\Application.php(1046): Illuminate\\Container\\Container->resolve('Illuminate\\\\Cook...', Array, true)
#14 C:\\xampp\\htdocs\\backend-2024\\backend-app\\vendor\\laravel\\framework\\src\\Illuminate\\Container\\Container.php(751): Illuminate\\Foundation\\Application->resolve('Illuminate\\\\Cook...', Array)
#15 C:\\xampp\\htdocs\\backend-2024\\backend-app\\vendor\\laravel\\framework\\src\\Illuminate\\Foundation\\Application.php(1028): Illuminate\\Container\\Container->make('Illuminate\\\\Cook...', Array)
#16 C:\\xampp\\htdocs\\backend-2024\\backend-app\\vendor\\laravel\\framework\\src\\Illuminate\\Pipeline\\Pipeline.php(172): Illuminate\\Foundation\\Application->make('Illuminate\\\\Cook...')
#17 C:\\xampp\\htdocs\\backend-2024\\backend-app\\vendor\\laravel\\framework\\src\\Illuminate\\Pipeline\\Pipeline.php(119): Illuminate\\Pipeline\\Pipeline->Illuminate\\Pipeline\\{closure}(Object(Illuminate\\Http\\Request))
#18 C:\\xampp\\htdocs\\backend-2024\\backend-app\\vendor\\laravel\\framework\\src\\Illuminate\\Routing\\Router.php(807): Illuminate\\Pipeline\\Pipeline->then(Object(Closure))
#19 C:\\xampp\\htdocs\\backend-2024\\backend-app\\vendor\\laravel\\framework\\src\\Illuminate\\Routing\\Router.php(786): Illuminate\\Routing\\Router->runRouteWithinStack(Object(Illuminate\\Routing\\Route), Object(Illuminate\\Http\\Request))
#20 C:\\xampp\\htdocs\\backend-2024\\backend-app\\vendor\\laravel\\framework\\src\\Illuminate\\Routing\\Router.php(750): Illuminate\\Routing\\Router->runRoute(Object(Illuminate\\Http\\Request), Object(Illuminate\\Routing\\Route))
#21 C:\\xampp\\htdocs\\backend-2024\\backend-app\\vendor\\laravel\\framework\\src\\Illuminate\\Routing\\Router.php(739): Illuminate\\Routing\\Router->dispatchToRoute(Object(Illuminate\\Http\\Request))
#22 C:\\xampp\\htdocs\\backend-2024\\backend-app\\vendor\\laravel\\framework\\src\\Illuminate\\Foundation\\Http\\Kernel.php(201): Illuminate\\Routing\\Router->dispatch(Object(Illuminate\\Http\\Request))
#23 C:\\xampp\\htdocs\\backend-2024\\backend-app\\vendor\\laravel\\framework\\src\\Illuminate\\Pipeline\\Pipeline.php(144): Illuminate\\Foundation\\Http\\Kernel->Illuminate\\Foundation\\Http\\{closure}(Object(Illuminate\\Http\\Request))
#24 C:\\xampp\\htdocs\\backend-2024\\backend-app\\vendor\\laravel\\framework\\src\\Illuminate\\Foundation\\Http\\Middleware\\TransformsRequest.php(21): Illuminate\\Pipeline\\Pipeline->Illuminate\\Pipeline\\{closure}(Object(Illuminate\\Http\\Request))
#25 C:\\xampp\\htdocs\\backend-2024\\backend-app\\vendor\\laravel\\framework\\src\\Illuminate\\Foundation\\Http\\Middleware\\ConvertEmptyStringsToNull.php(31): Illuminate\\Foundation\\Http\\Middleware\\TransformsRequest->handle(Object(Illuminate\\Http\\Request), Object(Closure))
#26 C:\\xampp\\htdocs\\backend-2024\\backend-app\\vendor\\laravel\\framework\\src\\Illuminate\\Pipeline\\Pipeline.php(183): Illuminate\\Foundation\\Http\\Middleware\\ConvertEmptyStringsToNull->handle(Object(Illuminate\\Http\\Request), Object(Closure))
#27 C:\\xampp\\htdocs\\backend-2024\\backend-app\\vendor\\laravel\\framework\\src\\Illuminate\\Foundation\\Http\\Middleware\\TransformsRequest.php(21): Illuminate\\Pipeline\\Pipeline->Illuminate\\Pipeline\\{closure}(Object(Illuminate\\Http\\Request))
#28 C:\\xampp\\htdocs\\backend-2024\\backend-app\\vendor\\laravel\\framework\\src\\Illuminate\\Foundation\\Http\\Middleware\\TrimStrings.php(51): Illuminate\\Foundation\\Http\\Middleware\\TransformsRequest->handle(Object(Illuminate\\Http\\Request), Object(Closure))
#29 C:\\xampp\\htdocs\\backend-2024\\backend-app\\vendor\\laravel\\framework\\src\\Illuminate\\Pipeline\\Pipeline.php(183): Illuminate\\Foundation\\Http\\Middleware\\TrimStrings->handle(Object(Illuminate\\Http\\Request), Object(Closure))
#30 C:\\xampp\\htdocs\\backend-2024\\backend-app\\vendor\\laravel\\framework\\src\\Illuminate\\Http\\Middleware\\ValidatePostSize.php(27): Illuminate\\Pipeline\\Pipeline->Illuminate\\Pipeline\\{closure}(Object(Illuminate\\Http\\Request))
#31 C:\\xampp\\htdocs\\backend-2024\\backend-app\\vendor\\laravel\\framework\\src\\Illuminate\\Pipeline\\Pipeline.php(183): Illuminate\\Http\\Middleware\\ValidatePostSize->handle(Object(Illuminate\\Http\\Request), Object(Closure))
#32 C:\\xampp\\htdocs\\backend-2024\\backend-app\\vendor\\laravel\\framework\\src\\Illuminate\\Foundation\\Http\\Middleware\\PreventRequestsDuringMaintenance.php(110): Illuminate\\Pipeline\\Pipeline->Illuminate\\Pipeline\\{closure}(Object(Illuminate\\Http\\Request))
#33 C:\\xampp\\htdocs\\backend-2024\\backend-app\\vendor\\laravel\\framework\\src\\Illuminate\\Pipeline\\Pipeline.php(183): Illuminate\\Foundation\\Http\\Middleware\\PreventRequestsDuringMaintenance->handle(Object(Illuminate\\Http\\Request), Object(Closure))
#34 C:\\xampp\\htdocs\\backend-2024\\backend-app\\vendor\\laravel\\framework\\src\\Illuminate\\Http\\Middleware\\HandleCors.php(49): Illuminate\\Pipeline\\Pipeline->Illuminate\\Pipeline\\{closure}(Object(Illuminate\\Http\\Request))
#35 C:\\xampp\\htdocs\\backend-2024\\backend-app\\vendor\\laravel\\framework\\src\\Illuminate\\Pipeline\\Pipeline.php(183): Illuminate\\Http\\Middleware\\HandleCors->handle(Object(Illuminate\\Http\\Request), Object(Closure))
#36 C:\\xampp\\htdocs\\backend-2024\\backend-app\\vendor\\laravel\\framework\\src\\Illuminate\\Http\\Middleware\\TrustProxies.php(58): Illuminate\\Pipeline\\Pipeline->Illuminate\\Pipeline\\{closure}(Object(Illuminate\\Http\\Request))
#37 C:\\xampp\\htdocs\\backend-2024\\backend-app\\vendor\\laravel\\framework\\src\\Illuminate\\Pipeline\\Pipeline.php(183): Illuminate\\Http\\Middleware\\TrustProxies->handle(Object(Illuminate\\Http\\Request), Object(Closure))
#38 C:\\xampp\\htdocs\\backend-2024\\backend-app\\vendor\\laravel\\framework\\src\\Illuminate\\Foundation\\Http\\Middleware\\InvokeDeferredCallbacks.php(22): Illuminate\\Pipeline\\Pipeline->Illuminate\\Pipeline\\{closure}(Object(Illuminate\\Http\\Request))
#39 C:\\xampp\\htdocs\\backend-2024\\backend-app\\vendor\\laravel\\framework\\src\\Illuminate\\Pipeline\\Pipeline.php(183): Illuminate\\Foundation\\Http\\Middleware\\InvokeDeferredCallbacks->handle(Object(Illuminate\\Http\\Request), Object(Closure))
#40 C:\\xampp\\htdocs\\backend-2024\\backend-app\\vendor\\laravel\\framework\\src\\Illuminate\\Pipeline\\Pipeline.php(119): Illuminate\\Pipeline\\Pipeline->Illuminate\\Pipeline\\{closure}(Object(Illuminate\\Http\\Request))
#41 C:\\xampp\\htdocs\\backend-2024\\backend-app\\vendor\\laravel\\framework\\src\\Illuminate\\Foundation\\Http\\Kernel.php(176): Illuminate\\Pipeline\\Pipeline->then(Object(Closure))
#42 C:\\xampp\\htdocs\\backend-2024\\backend-app\\vendor\\laravel\\framework\\src\\Illuminate\\Foundation\\Http\\Kernel.php(145): Illuminate\\Foundation\\Http\\Kernel->sendRequestThroughRouter(Object(Illuminate\\Http\\Request))
#43 C:\\xampp\\htdocs\\backend-2024\\backend-app\\vendor\\laravel\\framework\\src\\Illuminate\\Foundation\\Application.php(1188): Illuminate\\Foundation\\Http\\Kernel->handle(Object(Illuminate\\Http\\Request))
#44 C:\\xampp\\htdocs\\backend-2024\\backend-app\\public\\index.php(17): Illuminate\\Foundation\\Application->handleRequest(Object(Illuminate\\Http\\Request))
#45 {main}
"} 
[2024-10-23 07:12:33] production.ERROR: No application encryption key has been specified. {"exception":"[object] (Illuminate\\Encryption\\MissingAppKeyException(code: 0): No application encryption key has been specified. at C:\\xampp\\htdocs\\backend-2024\\backend-app\\vendor\\laravel\\framework\\src\\Illuminate\\Encryption\\EncryptionServiceProvider.php:83)
[stacktrace]
#0 C:\\xampp\\htdocs\\backend-2024\\backend-app\\vendor\\laravel\\framework\\src\\Illuminate\\Support\\helpers.php(380): Illuminate\\Encryption\\EncryptionServiceProvider->Illuminate\\Encryption\\{closure}(NULL)
#1 C:\\xampp\\htdocs\\backend-2024\\backend-app\\vendor\\laravel\\framework\\src\\Illuminate\\Encryption\\EncryptionServiceProvider.php(81): tap(NULL, Object(Closure))
#2 C:\\xampp\\htdocs\\backend-2024\\backend-app\\vendor\\laravel\\framework\\src\\Illuminate\\Encryption\\EncryptionServiceProvider.php(64): Illuminate\\Encryption\\EncryptionServiceProvider->key(Array)
#3 C:\\xampp\\htdocs\\backend-2024\\backend-app\\vendor\\laravel\\framework\\src\\Illuminate\\Encryption\\EncryptionServiceProvider.php(32): Illuminate\\Encryption\\EncryptionServiceProvider->parseKey(Array)
#4 C:\\xampp\\htdocs\\backend-2024\\backend-app\\vendor\\laravel\\framework\\src\\Illuminate\\Container\\Container.php(931): Illuminate\\Encryption\\EncryptionServiceProvider->Illuminate\\Encryption\\{closure}(Object(Illuminate\\Foundation\\Application), Array)
#5 C:\\xampp\\htdocs\\backend-2024\\backend-app\\vendor\\laravel\\framework\\src\\Illuminate\\Container\\Container.php(815): Illuminate\\Container\\Container->build(Object(Closure))
#6 C:\\xampp\\htdocs\\backend-2024\\backend-app\\vendor\\laravel\\framework\\src\\Illuminate\\Foundation\\Application.php(1046): Illuminate\\Container\\Container->resolve('encrypter', Array, true)
#7 C:\\xampp\\htdocs\\backend-2024\\backend-app\\vendor\\laravel\\framework\\src\\Illuminate\\Container\\Container.php(751): Illuminate\\Foundation\\Application->resolve('encrypter', Array)
#8 C:\\xampp\\htdocs\\backend-2024\\backend-app\\vendor\\laravel\\framework\\src\\Illuminate\\Foundation\\Application.php(1028): Illuminate\\Container\\Container->make('encrypter', Array)
#9 C:\\xampp\\htdocs\\backend-2024\\backend-app\\vendor\\laravel\\framework\\src\\Illuminate\\Container\\Container.php(1112): Illuminate\\Foundation\\Application->make('encrypter')
#10 C:\\xampp\\htdocs\\backend-2024\\backend-app\\vendor\\laravel\\framework\\src\\Illuminate\\Container\\Container.php(1022): Illuminate\\Container\\Container->resolveClass(Object(ReflectionParameter))
#11 C:\\xampp\\htdocs\\backend-2024\\backend-app\\vendor\\laravel\\framework\\src\\Illuminate\\Container\\Container.php(973): Illuminate\\Container\\Container->resolveDependencies(Array)
#12 C:\\xampp\\htdocs\\backend-2024\\backend-app\\vendor\\laravel\\framework\\src\\Illuminate\\Container\\Container.php(815): Illuminate\\Container\\Container->build('Illuminate\\\\Cook...')
#13 C:\\xampp\\htdocs\\backend-2024\\backend-app\\vendor\\laravel\\framework\\src\\Illuminate\\Foundation\\Application.php(1046): Illuminate\\Container\\Container->resolve('Illuminate\\\\Cook...', Array, true)
#14 C:\\xampp\\htdocs\\backend-2024\\backend-app\\vendor\\laravel\\framework\\src\\Illuminate\\Container\\Container.php(751): Illuminate\\Foundation\\Application->resolve('Illuminate\\\\Cook...', Array)
#15 C:\\xampp\\htdocs\\backend-2024\\backend-app\\vendor\\laravel\\framework\\src\\Illuminate\\Foundation\\Application.php(1028): Illuminate\\Container\\Container->make('Illuminate\\\\Cook...', Array)
#16 C:\\xampp\\htdocs\\backend-2024\\backend-app\\vendor\\laravel\\framework\\src\\Illuminate\\Foundation\\Http\\Kernel.php(258): Illuminate\\Foundation\\Application->make('Illuminate\\\\Cook...')
#17 C:\\xampp\\htdocs\\backend-2024\\backend-app\\vendor\\laravel\\framework\\src\\Illuminate\\Foundation\\Http\\Kernel.php(216): Illuminate\\Foundation\\Http\\Kernel->terminateMiddleware(Object(Illuminate\\Http\\Request), Object(Illuminate\\Http\\Response))
#18 C:\\xampp\\htdocs\\backend-2024\\backend-app\\vendor\\laravel\\framework\\src\\Illuminate\\Foundation\\Application.php(1190): Illuminate\\Foundation\\Http\\Kernel->terminate(Object(Illuminate\\Http\\Request), Object(Illuminate\\Http\\Response))
#19 C:\\xampp\\htdocs\\backend-2024\\backend-app\\public\\index.php(17): Illuminate\\Foundation\\Application->handleRequest(Object(Illuminate\\Http\\Request))
#20 {main}
"} 
[2024-10-23 07:23:16] production.ERROR: No application encryption key has been specified. {"exception":"[object] (Illuminate\\Encryption\\MissingAppKeyException(code: 0): No application encryption key has been specified. at C:\\xampp\\htdocs\\backend-2024\\backend-app\\vendor\\laravel\\framework\\src\\Illuminate\\Encryption\\EncryptionServiceProvider.php:83)
[stacktrace]
#0 C:\\xampp\\htdocs\\backend-2024\\backend-app\\vendor\\laravel\\framework\\src\\Illuminate\\Support\\helpers.php(380): Illuminate\\Encryption\\EncryptionServiceProvider->Illuminate\\Encryption\\{closure}(NULL)
#1 C:\\xampp\\htdocs\\backend-2024\\backend-app\\vendor\\laravel\\framework\\src\\Illuminate\\Encryption\\EncryptionServiceProvider.php(81): tap(NULL, Object(Closure))
#2 C:\\xampp\\htdocs\\backend-2024\\backend-app\\vendor\\laravel\\framework\\src\\Illuminate\\Encryption\\EncryptionServiceProvider.php(64): Illuminate\\Encryption\\EncryptionServiceProvider->key(Array)
#3 C:\\xampp\\htdocs\\backend-2024\\backend-app\\vendor\\laravel\\framework\\src\\Illuminate\\Encryption\\EncryptionServiceProvider.php(32): Illuminate\\Encryption\\EncryptionServiceProvider->parseKey(Array)
#4 C:\\xampp\\htdocs\\backend-2024\\backend-app\\vendor\\laravel\\framework\\src\\Illuminate\\Container\\Container.php(931): Illuminate\\Encryption\\EncryptionServiceProvider->Illuminate\\Encryption\\{closure}(Object(Illuminate\\Foundation\\Application), Array)
#5 C:\\xampp\\htdocs\\backend-2024\\backend-app\\vendor\\laravel\\framework\\src\\Illuminate\\Container\\Container.php(815): Illuminate\\Container\\Container->build(Object(Closure))
#6 C:\\xampp\\htdocs\\backend-2024\\backend-app\\vendor\\laravel\\framework\\src\\Illuminate\\Foundation\\Application.php(1046): Illuminate\\Container\\Container->resolve('encrypter', Array, true)
#7 C:\\xampp\\htdocs\\backend-2024\\backend-app\\vendor\\laravel\\framework\\src\\Illuminate\\Container\\Container.php(751): Illuminate\\Foundation\\Application->resolve('encrypter', Array)
#8 C:\\xampp\\htdocs\\backend-2024\\backend-app\\vendor\\laravel\\framework\\src\\Illuminate\\Foundation\\Application.php(1028): Illuminate\\Container\\Container->make('encrypter', Array)
#9 C:\\xampp\\htdocs\\backend-2024\\backend-app\\vendor\\laravel\\framework\\src\\Illuminate\\Container\\Container.php(1112): Illuminate\\Foundation\\Application->make('encrypter')
#10 C:\\xampp\\htdocs\\backend-2024\\backend-app\\vendor\\laravel\\framework\\src\\Illuminate\\Container\\Container.php(1022): Illuminate\\Container\\Container->resolveClass(Object(ReflectionParameter))
#11 C:\\xampp\\htdocs\\backend-2024\\backend-app\\vendor\\laravel\\framework\\src\\Illuminate\\Container\\Container.php(973): Illuminate\\Container\\Container->resolveDependencies(Array)
#12 C:\\xampp\\htdocs\\backend-2024\\backend-app\\vendor\\laravel\\framework\\src\\Illuminate\\Container\\Container.php(815): Illuminate\\Container\\Container->build('Illuminate\\\\Cook...')
#13 C:\\xampp\\htdocs\\backend-2024\\backend-app\\vendor\\laravel\\framework\\src\\Illuminate\\Foundation\\Application.php(1046): Illuminate\\Container\\Container->resolve('Illuminate\\\\Cook...', Array, true)
#14 C:\\xampp\\htdocs\\backend-2024\\backend-app\\vendor\\laravel\\framework\\src\\Illuminate\\Container\\Container.php(751): Illuminate\\Foundation\\Application->resolve('Illuminate\\\\Cook...', Array)
#15 C:\\xampp\\htdocs\\backend-2024\\backend-app\\vendor\\laravel\\framework\\src\\Illuminate\\Foundation\\Application.php(1028): Illuminate\\Container\\Container->make('Illuminate\\\\Cook...', Array)
#16 C:\\xampp\\htdocs\\backend-2024\\backend-app\\vendor\\laravel\\framework\\src\\Illuminate\\Pipeline\\Pipeline.php(172): Illuminate\\Foundation\\Application->make('Illuminate\\\\Cook...')
#17 C:\\xampp\\htdocs\\backend-2024\\backend-app\\vendor\\laravel\\framework\\src\\Illuminate\\Pipeline\\Pipeline.php(119): Illuminate\\Pipeline\\Pipeline->Illuminate\\Pipeline\\{closure}(Object(Illuminate\\Http\\Request))
#18 C:\\xampp\\htdocs\\backend-2024\\backend-app\\vendor\\laravel\\framework\\src\\Illuminate\\Routing\\Router.php(807): Illuminate\\Pipeline\\Pipeline->then(Object(Closure))
#19 C:\\xampp\\htdocs\\backend-2024\\backend-app\\vendor\\laravel\\framework\\src\\Illuminate\\Routing\\Router.php(786): Illuminate\\Routing\\Router->runRouteWithinStack(Object(Illuminate\\Routing\\Route), Object(Illuminate\\Http\\Request))
#20 C:\\xampp\\htdocs\\backend-2024\\backend-app\\vendor\\laravel\\framework\\src\\Illuminate\\Routing\\Router.php(750): Illuminate\\Routing\\Router->runRoute(Object(Illuminate\\Http\\Request), Object(Illuminate\\Routing\\Route))
#21 C:\\xampp\\htdocs\\backend-2024\\backend-app\\vendor\\laravel\\framework\\src\\Illuminate\\Routing\\Router.php(739): Illuminate\\Routing\\Router->dispatchToRoute(Object(Illuminate\\Http\\Request))
#22 C:\\xampp\\htdocs\\backend-2024\\backend-app\\vendor\\laravel\\framework\\src\\Illuminate\\Foundation\\Http\\Kernel.php(201): Illuminate\\Routing\\Router->dispatch(Object(Illuminate\\Http\\Request))
#23 C:\\xampp\\htdocs\\backend-2024\\backend-app\\vendor\\laravel\\framework\\src\\Illuminate\\Pipeline\\Pipeline.php(144): Illuminate\\Foundation\\Http\\Kernel->Illuminate\\Foundation\\Http\\{closure}(Object(Illuminate\\Http\\Request))
#24 C:\\xampp\\htdocs\\backend-2024\\backend-app\\vendor\\laravel\\framework\\src\\Illuminate\\Foundation\\Http\\Middleware\\TransformsRequest.php(21): Illuminate\\Pipeline\\Pipeline->Illuminate\\Pipeline\\{closure}(Object(Illuminate\\Http\\Request))
#25 C:\\xampp\\htdocs\\backend-2024\\backend-app\\vendor\\laravel\\framework\\src\\Illuminate\\Foundation\\Http\\Middleware\\ConvertEmptyStringsToNull.php(31): Illuminate\\Foundation\\Http\\Middleware\\TransformsRequest->handle(Object(Illuminate\\Http\\Request), Object(Closure))
#26 C:\\xampp\\htdocs\\backend-2024\\backend-app\\vendor\\laravel\\framework\\src\\Illuminate\\Pipeline\\Pipeline.php(183): Illuminate\\Foundation\\Http\\Middleware\\ConvertEmptyStringsToNull->handle(Object(Illuminate\\Http\\Request), Object(Closure))
#27 C:\\xampp\\htdocs\\backend-2024\\backend-app\\vendor\\laravel\\framework\\src\\Illuminate\\Foundation\\Http\\Middleware\\TransformsRequest.php(21): Illuminate\\Pipeline\\Pipeline->Illuminate\\Pipeline\\{closure}(Object(Illuminate\\Http\\Request))
#28 C:\\xampp\\htdocs\\backend-2024\\backend-app\\vendor\\laravel\\framework\\src\\Illuminate\\Foundation\\Http\\Middleware\\TrimStrings.php(51): Illuminate\\Foundation\\Http\\Middleware\\TransformsRequest->handle(Object(Illuminate\\Http\\Request), Object(Closure))
#29 C:\\xampp\\htdocs\\backend-2024\\backend-app\\vendor\\laravel\\framework\\src\\Illuminate\\Pipeline\\Pipeline.php(183): Illuminate\\Foundation\\Http\\Middleware\\TrimStrings->handle(Object(Illuminate\\Http\\Request), Object(Closure))
#30 C:\\xampp\\htdocs\\backend-2024\\backend-app\\vendor\\laravel\\framework\\src\\Illuminate\\Http\\Middleware\\ValidatePostSize.php(27): Illuminate\\Pipeline\\Pipeline->Illuminate\\Pipeline\\{closure}(Object(Illuminate\\Http\\Request))
#31 C:\\xampp\\htdocs\\backend-2024\\backend-app\\vendor\\laravel\\framework\\src\\Illuminate\\Pipeline\\Pipeline.php(183): Illuminate\\Http\\Middleware\\ValidatePostSize->handle(Object(Illuminate\\Http\\Request), Object(Closure))
#32 C:\\xampp\\htdocs\\backend-2024\\backend-app\\vendor\\laravel\\framework\\src\\Illuminate\\Foundation\\Http\\Middleware\\PreventRequestsDuringMaintenance.php(110): Illuminate\\Pipeline\\Pipeline->Illuminate\\Pipeline\\{closure}(Object(Illuminate\\Http\\Request))
#33 C:\\xampp\\htdocs\\backend-2024\\backend-app\\vendor\\laravel\\framework\\src\\Illuminate\\Pipeline\\Pipeline.php(183): Illuminate\\Foundation\\Http\\Middleware\\PreventRequestsDuringMaintenance->handle(Object(Illuminate\\Http\\Request), Object(Closure))
#34 C:\\xampp\\htdocs\\backend-2024\\backend-app\\vendor\\laravel\\framework\\src\\Illuminate\\Http\\Middleware\\HandleCors.php(49): Illuminate\\Pipeline\\Pipeline->Illuminate\\Pipeline\\{closure}(Object(Illuminate\\Http\\Request))
#35 C:\\xampp\\htdocs\\backend-2024\\backend-app\\vendor\\laravel\\framework\\src\\Illuminate\\Pipeline\\Pipeline.php(183): Illuminate\\Http\\Middleware\\HandleCors->handle(Object(Illuminate\\Http\\Request), Object(Closure))
#36 C:\\xampp\\htdocs\\backend-2024\\backend-app\\vendor\\laravel\\framework\\src\\Illuminate\\Http\\Middleware\\TrustProxies.php(58): Illuminate\\Pipeline\\Pipeline->Illuminate\\Pipeline\\{closure}(Object(Illuminate\\Http\\Request))
#37 C:\\xampp\\htdocs\\backend-2024\\backend-app\\vendor\\laravel\\framework\\src\\Illuminate\\Pipeline\\Pipeline.php(183): Illuminate\\Http\\Middleware\\TrustProxies->handle(Object(Illuminate\\Http\\Request), Object(Closure))
#38 C:\\xampp\\htdocs\\backend-2024\\backend-app\\vendor\\laravel\\framework\\src\\Illuminate\\Foundation\\Http\\Middleware\\InvokeDeferredCallbacks.php(22): Illuminate\\Pipeline\\Pipeline->Illuminate\\Pipeline\\{closure}(Object(Illuminate\\Http\\Request))
#39 C:\\xampp\\htdocs\\backend-2024\\backend-app\\vendor\\laravel\\framework\\src\\Illuminate\\Pipeline\\Pipeline.php(183): Illuminate\\Foundation\\Http\\Middleware\\InvokeDeferredCallbacks->handle(Object(Illuminate\\Http\\Request), Object(Closure))
#40 C:\\xampp\\htdocs\\backend-2024\\backend-app\\vendor\\laravel\\framework\\src\\Illuminate\\Pipeline\\Pipeline.php(119): Illuminate\\Pipeline\\Pipeline->Illuminate\\Pipeline\\{closure}(Object(Illuminate\\Http\\Request))
#41 C:\\xampp\\htdocs\\backend-2024\\backend-app\\vendor\\laravel\\framework\\src\\Illuminate\\Foundation\\Http\\Kernel.php(176): Illuminate\\Pipeline\\Pipeline->then(Object(Closure))
#42 C:\\xampp\\htdocs\\backend-2024\\backend-app\\vendor\\laravel\\framework\\src\\Illuminate\\Foundation\\Http\\Kernel.php(145): Illuminate\\Foundation\\Http\\Kernel->sendRequestThroughRouter(Object(Illuminate\\Http\\Request))
#43 C:\\xampp\\htdocs\\backend-2024\\backend-app\\vendor\\laravel\\framework\\src\\Illuminate\\Foundation\\Application.php(1188): Illuminate\\Foundation\\Http\\Kernel->handle(Object(Illuminate\\Http\\Request))
#44 C:\\xampp\\htdocs\\backend-2024\\backend-app\\public\\index.php(17): Illuminate\\Foundation\\Application->handleRequest(Object(Illuminate\\Http\\Request))
#45 {main}
"} 
[2024-10-23 07:23:16] production.ERROR: No application encryption key has been specified. {"exception":"[object] (Illuminate\\Encryption\\MissingAppKeyException(code: 0): No application encryption key has been specified. at C:\\xampp\\htdocs\\backend-2024\\backend-app\\vendor\\laravel\\framework\\src\\Illuminate\\Encryption\\EncryptionServiceProvider.php:83)
[stacktrace]
#0 C:\\xampp\\htdocs\\backend-2024\\backend-app\\vendor\\laravel\\framework\\src\\Illuminate\\Support\\helpers.php(380): Illuminate\\Encryption\\EncryptionServiceProvider->Illuminate\\Encryption\\{closure}(NULL)
#1 C:\\xampp\\htdocs\\backend-2024\\backend-app\\vendor\\laravel\\framework\\src\\Illuminate\\Encryption\\EncryptionServiceProvider.php(81): tap(NULL, Object(Closure))
#2 C:\\xampp\\htdocs\\backend-2024\\backend-app\\vendor\\laravel\\framework\\src\\Illuminate\\Encryption\\EncryptionServiceProvider.php(64): Illuminate\\Encryption\\EncryptionServiceProvider->key(Array)
#3 C:\\xampp\\htdocs\\backend-2024\\backend-app\\vendor\\laravel\\framework\\src\\Illuminate\\Encryption\\EncryptionServiceProvider.php(32): Illuminate\\Encryption\\EncryptionServiceProvider->parseKey(Array)
#4 C:\\xampp\\htdocs\\backend-2024\\backend-app\\vendor\\laravel\\framework\\src\\Illuminate\\Container\\Container.php(931): Illuminate\\Encryption\\EncryptionServiceProvider->Illuminate\\Encryption\\{closure}(Object(Illuminate\\Foundation\\Application), Array)
#5 C:\\xampp\\htdocs\\backend-2024\\backend-app\\vendor\\laravel\\framework\\src\\Illuminate\\Container\\Container.php(815): Illuminate\\Container\\Container->build(Object(Closure))
#6 C:\\xampp\\htdocs\\backend-2024\\backend-app\\vendor\\laravel\\framework\\src\\Illuminate\\Foundation\\Application.php(1046): Illuminate\\Container\\Container->resolve('encrypter', Array, true)
#7 C:\\xampp\\htdocs\\backend-2024\\backend-app\\vendor\\laravel\\framework\\src\\Illuminate\\Container\\Container.php(751): Illuminate\\Foundation\\Application->resolve('encrypter', Array)
#8 C:\\xampp\\htdocs\\backend-2024\\backend-app\\vendor\\laravel\\framework\\src\\Illuminate\\Foundation\\Application.php(1028): Illuminate\\Container\\Container->make('encrypter', Array)
#9 C:\\xampp\\htdocs\\backend-2024\\backend-app\\vendor\\laravel\\framework\\src\\Illuminate\\Container\\Container.php(1112): Illuminate\\Foundation\\Application->make('encrypter')
#10 C:\\xampp\\htdocs\\backend-2024\\backend-app\\vendor\\laravel\\framework\\src\\Illuminate\\Container\\Container.php(1022): Illuminate\\Container\\Container->resolveClass(Object(ReflectionParameter))
#11 C:\\xampp\\htdocs\\backend-2024\\backend-app\\vendor\\laravel\\framework\\src\\Illuminate\\Container\\Container.php(973): Illuminate\\Container\\Container->resolveDependencies(Array)
#12 C:\\xampp\\htdocs\\backend-2024\\backend-app\\vendor\\laravel\\framework\\src\\Illuminate\\Container\\Container.php(815): Illuminate\\Container\\Container->build('Illuminate\\\\Cook...')
#13 C:\\xampp\\htdocs\\backend-2024\\backend-app\\vendor\\laravel\\framework\\src\\Illuminate\\Foundation\\Application.php(1046): Illuminate\\Container\\Container->resolve('Illuminate\\\\Cook...', Array, true)
#14 C:\\xampp\\htdocs\\backend-2024\\backend-app\\vendor\\laravel\\framework\\src\\Illuminate\\Container\\Container.php(751): Illuminate\\Foundation\\Application->resolve('Illuminate\\\\Cook...', Array)
#15 C:\\xampp\\htdocs\\backend-2024\\backend-app\\vendor\\laravel\\framework\\src\\Illuminate\\Foundation\\Application.php(1028): Illuminate\\Container\\Container->make('Illuminate\\\\Cook...', Array)
#16 C:\\xampp\\htdocs\\backend-2024\\backend-app\\vendor\\laravel\\framework\\src\\Illuminate\\Foundation\\Http\\Kernel.php(258): Illuminate\\Foundation\\Application->make('Illuminate\\\\Cook...')
#17 C:\\xampp\\htdocs\\backend-2024\\backend-app\\vendor\\laravel\\framework\\src\\Illuminate\\Foundation\\Http\\Kernel.php(216): Illuminate\\Foundation\\Http\\Kernel->terminateMiddleware(Object(Illuminate\\Http\\Request), Object(Illuminate\\Http\\Response))
#18 C:\\xampp\\htdocs\\backend-2024\\backend-app\\vendor\\laravel\\framework\\src\\Illuminate\\Foundation\\Application.php(1190): Illuminate\\Foundation\\Http\\Kernel->terminate(Object(Illuminate\\Http\\Request), Object(Illuminate\\Http\\Response))
#19 C:\\xampp\\htdocs\\backend-2024\\backend-app\\public\\index.php(17): Illuminate\\Foundation\\Application->handleRequest(Object(Illuminate\\Http\\Request))
#20 {main}
"} 
[2024-10-23 07:23:23] production.ERROR: No application encryption key has been specified. {"exception":"[object] (Illuminate\\Encryption\\MissingAppKeyException(code: 0): No application encryption key has been specified. at C:\\xampp\\htdocs\\backend-2024\\backend-app\\vendor\\laravel\\framework\\src\\Illuminate\\Encryption\\EncryptionServiceProvider.php:83)
[stacktrace]
#0 C:\\xampp\\htdocs\\backend-2024\\backend-app\\vendor\\laravel\\framework\\src\\Illuminate\\Support\\helpers.php(380): Illuminate\\Encryption\\EncryptionServiceProvider->Illuminate\\Encryption\\{closure}(NULL)
#1 C:\\xampp\\htdocs\\backend-2024\\backend-app\\vendor\\laravel\\framework\\src\\Illuminate\\Encryption\\EncryptionServiceProvider.php(81): tap(NULL, Object(Closure))
#2 C:\\xampp\\htdocs\\backend-2024\\backend-app\\vendor\\laravel\\framework\\src\\Illuminate\\Encryption\\EncryptionServiceProvider.php(64): Illuminate\\Encryption\\EncryptionServiceProvider->key(Array)
#3 C:\\xampp\\htdocs\\backend-2024\\backend-app\\vendor\\laravel\\framework\\src\\Illuminate\\Encryption\\EncryptionServiceProvider.php(32): Illuminate\\Encryption\\EncryptionServiceProvider->parseKey(Array)
#4 C:\\xampp\\htdocs\\backend-2024\\backend-app\\vendor\\laravel\\framework\\src\\Illuminate\\Container\\Container.php(931): Illuminate\\Encryption\\EncryptionServiceProvider->Illuminate\\Encryption\\{closure}(Object(Illuminate\\Foundation\\Application), Array)
#5 C:\\xampp\\htdocs\\backend-2024\\backend-app\\vendor\\laravel\\framework\\src\\Illuminate\\Container\\Container.php(815): Illuminate\\Container\\Container->build(Object(Closure))
#6 C:\\xampp\\htdocs\\backend-2024\\backend-app\\vendor\\laravel\\framework\\src\\Illuminate\\Foundation\\Application.php(1046): Illuminate\\Container\\Container->resolve('encrypter', Array, true)
#7 C:\\xampp\\htdocs\\backend-2024\\backend-app\\vendor\\laravel\\framework\\src\\Illuminate\\Container\\Container.php(751): Illuminate\\Foundation\\Application->resolve('encrypter', Array)
#8 C:\\xampp\\htdocs\\backend-2024\\backend-app\\vendor\\laravel\\framework\\src\\Illuminate\\Foundation\\Application.php(1028): Illuminate\\Container\\Container->make('encrypter', Array)
#9 C:\\xampp\\htdocs\\backend-2024\\backend-app\\vendor\\laravel\\framework\\src\\Illuminate\\Container\\Container.php(1112): Illuminate\\Foundation\\Application->make('encrypter')
#10 C:\\xampp\\htdocs\\backend-2024\\backend-app\\vendor\\laravel\\framework\\src\\Illuminate\\Container\\Container.php(1022): Illuminate\\Container\\Container->resolveClass(Object(ReflectionParameter))
#11 C:\\xampp\\htdocs\\backend-2024\\backend-app\\vendor\\laravel\\framework\\src\\Illuminate\\Container\\Container.php(973): Illuminate\\Container\\Container->resolveDependencies(Array)
#12 C:\\xampp\\htdocs\\backend-2024\\backend-app\\vendor\\laravel\\framework\\src\\Illuminate\\Container\\Container.php(815): Illuminate\\Container\\Container->build('Illuminate\\\\Cook...')
#13 C:\\xampp\\htdocs\\backend-2024\\backend-app\\vendor\\laravel\\framework\\src\\Illuminate\\Foundation\\Application.php(1046): Illuminate\\Container\\Container->resolve('Illuminate\\\\Cook...', Array, true)
#14 C:\\xampp\\htdocs\\backend-2024\\backend-app\\vendor\\laravel\\framework\\src\\Illuminate\\Container\\Container.php(751): Illuminate\\Foundation\\Application->resolve('Illuminate\\\\Cook...', Array)
#15 C:\\xampp\\htdocs\\backend-2024\\backend-app\\vendor\\laravel\\framework\\src\\Illuminate\\Foundation\\Application.php(1028): Illuminate\\Container\\Container->make('Illuminate\\\\Cook...', Array)
#16 C:\\xampp\\htdocs\\backend-2024\\backend-app\\vendor\\laravel\\framework\\src\\Illuminate\\Pipeline\\Pipeline.php(172): Illuminate\\Foundation\\Application->make('Illuminate\\\\Cook...')
#17 C:\\xampp\\htdocs\\backend-2024\\backend-app\\vendor\\laravel\\framework\\src\\Illuminate\\Pipeline\\Pipeline.php(119): Illuminate\\Pipeline\\Pipeline->Illuminate\\Pipeline\\{closure}(Object(Illuminate\\Http\\Request))
#18 C:\\xampp\\htdocs\\backend-2024\\backend-app\\vendor\\laravel\\framework\\src\\Illuminate\\Routing\\Router.php(807): Illuminate\\Pipeline\\Pipeline->then(Object(Closure))
#19 C:\\xampp\\htdocs\\backend-2024\\backend-app\\vendor\\laravel\\framework\\src\\Illuminate\\Routing\\Router.php(786): Illuminate\\Routing\\Router->runRouteWithinStack(Object(Illuminate\\Routing\\Route), Object(Illuminate\\Http\\Request))
#20 C:\\xampp\\htdocs\\backend-2024\\backend-app\\vendor\\laravel\\framework\\src\\Illuminate\\Routing\\Router.php(750): Illuminate\\Routing\\Router->runRoute(Object(Illuminate\\Http\\Request), Object(Illuminate\\Routing\\Route))
#21 C:\\xampp\\htdocs\\backend-2024\\backend-app\\vendor\\laravel\\framework\\src\\Illuminate\\Routing\\Router.php(739): Illuminate\\Routing\\Router->dispatchToRoute(Object(Illuminate\\Http\\Request))
#22 C:\\xampp\\htdocs\\backend-2024\\backend-app\\vendor\\laravel\\framework\\src\\Illuminate\\Foundation\\Http\\Kernel.php(201): Illuminate\\Routing\\Router->dispatch(Object(Illuminate\\Http\\Request))
#23 C:\\xampp\\htdocs\\backend-2024\\backend-app\\vendor\\laravel\\framework\\src\\Illuminate\\Pipeline\\Pipeline.php(144): Illuminate\\Foundation\\Http\\Kernel->Illuminate\\Foundation\\Http\\{closure}(Object(Illuminate\\Http\\Request))
#24 C:\\xampp\\htdocs\\backend-2024\\backend-app\\vendor\\laravel\\framework\\src\\Illuminate\\Foundation\\Http\\Middleware\\TransformsRequest.php(21): Illuminate\\Pipeline\\Pipeline->Illuminate\\Pipeline\\{closure}(Object(Illuminate\\Http\\Request))
#25 C:\\xampp\\htdocs\\backend-2024\\backend-app\\vendor\\laravel\\framework\\src\\Illuminate\\Foundation\\Http\\Middleware\\ConvertEmptyStringsToNull.php(31): Illuminate\\Foundation\\Http\\Middleware\\TransformsRequest->handle(Object(Illuminate\\Http\\Request), Object(Closure))
#26 C:\\xampp\\htdocs\\backend-2024\\backend-app\\vendor\\laravel\\framework\\src\\Illuminate\\Pipeline\\Pipeline.php(183): Illuminate\\Foundation\\Http\\Middleware\\ConvertEmptyStringsToNull->handle(Object(Illuminate\\Http\\Request), Object(Closure))
#27 C:\\xampp\\htdocs\\backend-2024\\backend-app\\vendor\\laravel\\framework\\src\\Illuminate\\Foundation\\Http\\Middleware\\TransformsRequest.php(21): Illuminate\\Pipeline\\Pipeline->Illuminate\\Pipeline\\{closure}(Object(Illuminate\\Http\\Request))
#28 C:\\xampp\\htdocs\\backend-2024\\backend-app\\vendor\\laravel\\framework\\src\\Illuminate\\Foundation\\Http\\Middleware\\TrimStrings.php(51): Illuminate\\Foundation\\Http\\Middleware\\TransformsRequest->handle(Object(Illuminate\\Http\\Request), Object(Closure))
#29 C:\\xampp\\htdocs\\backend-2024\\backend-app\\vendor\\laravel\\framework\\src\\Illuminate\\Pipeline\\Pipeline.php(183): Illuminate\\Foundation\\Http\\Middleware\\TrimStrings->handle(Object(Illuminate\\Http\\Request), Object(Closure))
#30 C:\\xampp\\htdocs\\backend-2024\\backend-app\\vendor\\laravel\\framework\\src\\Illuminate\\Http\\Middleware\\ValidatePostSize.php(27): Illuminate\\Pipeline\\Pipeline->Illuminate\\Pipeline\\{closure}(Object(Illuminate\\Http\\Request))
#31 C:\\xampp\\htdocs\\backend-2024\\backend-app\\vendor\\laravel\\framework\\src\\Illuminate\\Pipeline\\Pipeline.php(183): Illuminate\\Http\\Middleware\\ValidatePostSize->handle(Object(Illuminate\\Http\\Request), Object(Closure))
#32 C:\\xampp\\htdocs\\backend-2024\\backend-app\\vendor\\laravel\\framework\\src\\Illuminate\\Foundation\\Http\\Middleware\\PreventRequestsDuringMaintenance.php(110): Illuminate\\Pipeline\\Pipeline->Illuminate\\Pipeline\\{closure}(Object(Illuminate\\Http\\Request))
#33 C:\\xampp\\htdocs\\backend-2024\\backend-app\\vendor\\laravel\\framework\\src\\Illuminate\\Pipeline\\Pipeline.php(183): Illuminate\\Foundation\\Http\\Middleware\\PreventRequestsDuringMaintenance->handle(Object(Illuminate\\Http\\Request), Object(Closure))
#34 C:\\xampp\\htdocs\\backend-2024\\backend-app\\vendor\\laravel\\framework\\src\\Illuminate\\Http\\Middleware\\HandleCors.php(49): Illuminate\\Pipeline\\Pipeline->Illuminate\\Pipeline\\{closure}(Object(Illuminate\\Http\\Request))
#35 C:\\xampp\\htdocs\\backend-2024\\backend-app\\vendor\\laravel\\framework\\src\\Illuminate\\Pipeline\\Pipeline.php(183): Illuminate\\Http\\Middleware\\HandleCors->handle(Object(Illuminate\\Http\\Request), Object(Closure))
#36 C:\\xampp\\htdocs\\backend-2024\\backend-app\\vendor\\laravel\\framework\\src\\Illuminate\\Http\\Middleware\\TrustProxies.php(58): Illuminate\\Pipeline\\Pipeline->Illuminate\\Pipeline\\{closure}(Object(Illuminate\\Http\\Request))
#37 C:\\xampp\\htdocs\\backend-2024\\backend-app\\vendor\\laravel\\framework\\src\\Illuminate\\Pipeline\\Pipeline.php(183): Illuminate\\Http\\Middleware\\TrustProxies->handle(Object(Illuminate\\Http\\Request), Object(Closure))
#38 C:\\xampp\\htdocs\\backend-2024\\backend-app\\vendor\\laravel\\framework\\src\\Illuminate\\Foundation\\Http\\Middleware\\InvokeDeferredCallbacks.php(22): Illuminate\\Pipeline\\Pipeline->Illuminate\\Pipeline\\{closure}(Object(Illuminate\\Http\\Request))
#39 C:\\xampp\\htdocs\\backend-2024\\backend-app\\vendor\\laravel\\framework\\src\\Illuminate\\Pipeline\\Pipeline.php(183): Illuminate\\Foundation\\Http\\Middleware\\InvokeDeferredCallbacks->handle(Object(Illuminate\\Http\\Request), Object(Closure))
#40 C:\\xampp\\htdocs\\backend-2024\\backend-app\\vendor\\laravel\\framework\\src\\Illuminate\\Pipeline\\Pipeline.php(119): Illuminate\\Pipeline\\Pipeline->Illuminate\\Pipeline\\{closure}(Object(Illuminate\\Http\\Request))
#41 C:\\xampp\\htdocs\\backend-2024\\backend-app\\vendor\\laravel\\framework\\src\\Illuminate\\Foundation\\Http\\Kernel.php(176): Illuminate\\Pipeline\\Pipeline->then(Object(Closure))
#42 C:\\xampp\\htdocs\\backend-2024\\backend-app\\vendor\\laravel\\framework\\src\\Illuminate\\Foundation\\Http\\Kernel.php(145): Illuminate\\Foundation\\Http\\Kernel->sendRequestThroughRouter(Object(Illuminate\\Http\\Request))
#43 C:\\xampp\\htdocs\\backend-2024\\backend-app\\vendor\\laravel\\framework\\src\\Illuminate\\Foundation\\Application.php(1188): Illuminate\\Foundation\\Http\\Kernel->handle(Object(Illuminate\\Http\\Request))
#44 C:\\xampp\\htdocs\\backend-2024\\backend-app\\public\\index.php(17): Illuminate\\Foundation\\Application->handleRequest(Object(Illuminate\\Http\\Request))
#45 {main}
"} 
[2024-10-23 07:23:23] production.ERROR: No application encryption key has been specified. {"exception":"[object] (Illuminate\\Encryption\\MissingAppKeyException(code: 0): No application encryption key has been specified. at C:\\xampp\\htdocs\\backend-2024\\backend-app\\vendor\\laravel\\framework\\src\\Illuminate\\Encryption\\EncryptionServiceProvider.php:83)
[stacktrace]
#0 C:\\xampp\\htdocs\\backend-2024\\backend-app\\vendor\\laravel\\framework\\src\\Illuminate\\Support\\helpers.php(380): Illuminate\\Encryption\\EncryptionServiceProvider->Illuminate\\Encryption\\{closure}(NULL)
#1 C:\\xampp\\htdocs\\backend-2024\\backend-app\\vendor\\laravel\\framework\\src\\Illuminate\\Encryption\\EncryptionServiceProvider.php(81): tap(NULL, Object(Closure))
#2 C:\\xampp\\htdocs\\backend-2024\\backend-app\\vendor\\laravel\\framework\\src\\Illuminate\\Encryption\\EncryptionServiceProvider.php(64): Illuminate\\Encryption\\EncryptionServiceProvider->key(Array)
#3 C:\\xampp\\htdocs\\backend-2024\\backend-app\\vendor\\laravel\\framework\\src\\Illuminate\\Encryption\\EncryptionServiceProvider.php(32): Illuminate\\Encryption\\EncryptionServiceProvider->parseKey(Array)
#4 C:\\xampp\\htdocs\\backend-2024\\backend-app\\vendor\\laravel\\framework\\src\\Illuminate\\Container\\Container.php(931): Illuminate\\Encryption\\EncryptionServiceProvider->Illuminate\\Encryption\\{closure}(Object(Illuminate\\Foundation\\Application), Array)
#5 C:\\xampp\\htdocs\\backend-2024\\backend-app\\vendor\\laravel\\framework\\src\\Illuminate\\Container\\Container.php(815): Illuminate\\Container\\Container->build(Object(Closure))
#6 C:\\xampp\\htdocs\\backend-2024\\backend-app\\vendor\\laravel\\framework\\src\\Illuminate\\Foundation\\Application.php(1046): Illuminate\\Container\\Container->resolve('encrypter', Array, true)
#7 C:\\xampp\\htdocs\\backend-2024\\backend-app\\vendor\\laravel\\framework\\src\\Illuminate\\Container\\Container.php(751): Illuminate\\Foundation\\Application->resolve('encrypter', Array)
#8 C:\\xampp\\htdocs\\backend-2024\\backend-app\\vendor\\laravel\\framework\\src\\Illuminate\\Foundation\\Application.php(1028): Illuminate\\Container\\Container->make('encrypter', Array)
#9 C:\\xampp\\htdocs\\backend-2024\\backend-app\\vendor\\laravel\\framework\\src\\Illuminate\\Container\\Container.php(1112): Illuminate\\Foundation\\Application->make('encrypter')
#10 C:\\xampp\\htdocs\\backend-2024\\backend-app\\vendor\\laravel\\framework\\src\\Illuminate\\Container\\Container.php(1022): Illuminate\\Container\\Container->resolveClass(Object(ReflectionParameter))
#11 C:\\xampp\\htdocs\\backend-2024\\backend-app\\vendor\\laravel\\framework\\src\\Illuminate\\Container\\Container.php(973): Illuminate\\Container\\Container->resolveDependencies(Array)
#12 C:\\xampp\\htdocs\\backend-2024\\backend-app\\vendor\\laravel\\framework\\src\\Illuminate\\Container\\Container.php(815): Illuminate\\Container\\Container->build('Illuminate\\\\Cook...')
#13 C:\\xampp\\htdocs\\backend-2024\\backend-app\\vendor\\laravel\\framework\\src\\Illuminate\\Foundation\\Application.php(1046): Illuminate\\Container\\Container->resolve('Illuminate\\\\Cook...', Array, true)
#14 C:\\xampp\\htdocs\\backend-2024\\backend-app\\vendor\\laravel\\framework\\src\\Illuminate\\Container\\Container.php(751): Illuminate\\Foundation\\Application->resolve('Illuminate\\\\Cook...', Array)
#15 C:\\xampp\\htdocs\\backend-2024\\backend-app\\vendor\\laravel\\framework\\src\\Illuminate\\Foundation\\Application.php(1028): Illuminate\\Container\\Container->make('Illuminate\\\\Cook...', Array)
#16 C:\\xampp\\htdocs\\backend-2024\\backend-app\\vendor\\laravel\\framework\\src\\Illuminate\\Foundation\\Http\\Kernel.php(258): Illuminate\\Foundation\\Application->make('Illuminate\\\\Cook...')
#17 C:\\xampp\\htdocs\\backend-2024\\backend-app\\vendor\\laravel\\framework\\src\\Illuminate\\Foundation\\Http\\Kernel.php(216): Illuminate\\Foundation\\Http\\Kernel->terminateMiddleware(Object(Illuminate\\Http\\Request), Object(Illuminate\\Http\\Response))
#18 C:\\xampp\\htdocs\\backend-2024\\backend-app\\vendor\\laravel\\framework\\src\\Illuminate\\Foundation\\Application.php(1190): Illuminate\\Foundation\\Http\\Kernel->terminate(Object(Illuminate\\Http\\Request), Object(Illuminate\\Http\\Response))
#19 C:\\xampp\\htdocs\\backend-2024\\backend-app\\public\\index.php(17): Illuminate\\Foundation\\Application->handleRequest(Object(Illuminate\\Http\\Request))
#20 {main}
"} 
